Gonzales,Merlin
Oconnell,Octavio
Stewart,Marsha
Hensley,Graig
Palmer,Jennifer
Stanton,Lidia
Baker,Janis
Wilcox,Cherie
Richardson,Bryon
Sloan,Andreas
Mata,Arturo
Fuller,Angelica
Rodgers,Hunter
Gaines,Eddie
Bowers,Adele
Villa,Stacy
Page,Glenda
Weeks,Sylvester
Ferrell,Devin
Lambert,Merle
Hanna,Robbie
Ramsey,Jonah
Terry,Benedict
Jensen,Tisha
Long,Cindy
Steele,Marcel
Jones,Dylan
Beard,Kurtis
Hood,Lorenzo
Haas,Faith
Petty,Felipe
Kline,Colleen
Serrano,Erica
Holland,Rosetta
Mccullough,Vern
Wilson,Jeromy
Herrera,Katheryn
Black,Kristen
Randolph,Anna
Francis,Ann
Lawson,Daren
Downs,Saul
Doyle,Rusty
Henson,Jacques
Phillips,Jacinto
Hahn,Corrine
Conway,Marcella
Willis,Ferdinand
Weber,Joann
Woodward,Ada
Stuart,Russell
Conway,Augusta
Hale,Rosalie
Bradford,Hollie
Mercer,Noble
Parker,Penny
Boyd,Lance
Harmon,Brandi
Best,Yesenia
Melendez,Trey
Mayo,Florentino
Gaines,Isaiah
Graham,Sandra
Dennis,Simone
Cox,Eula
Rasmussen,Scottie
Tyler,Josie
Ortiz,Myron
Burns,Deanne
Davies,Sang
Alvarez,Pat
Woods,Aisha
Brewer,Rosa
Lawrence,Michele
Mills,Amos
Haynes,Greta
Savage,Lane
Stanley,Jean
Crawford,Sonia
Ball,Isreal
Mosley,Florence
Stout,Blair
Avery,Florine
Steele,Catherine
Wade,Luisa
Stafford,Andre
Butler,Patricia
Colon,Veronica
Mcguire,Sanford
Harper,Darrell
Mason,Salvador
Irwin,Gertrude
Vega,Horacio
Quinn,Marcellus
Weeks,Bridgett
Mejia,Lucy
Kelly,Lorrie
Malone,Brain
Camacho,Bette
Cochran,Hester
Marsh,Rodrigo
Tran,Enoch
Hart,Christi
Hatfield,Ernest
Shah,Graham
Ritter,Lana
Blake,Carol
White,Freddy
Allen,Margret
Dennis,Terri
Stone,Orlando
Trujillo,Jonathan
Acevedo,Kristen
Mann,Cory
Graham,Reba
Perkins,Dee
Donovan,Heriberto
Decker,Gerald
Silva,Vern
Ortiz,Linda
French,Josue
Cole,Corinne
Byrd,Ashley
Logan,Anastasia
Stanley,Lucas
James,Adalberto
Hester,Gustavo
Bates,Charlie
Robles,Shelia
Kelly,Jeri
Burton,Jody
Duke,Paula
Barry,Richie
Curtis,Rory
Khan,Geoffrey
Miranda,Alfred
Perry,Carmelo
Daniel,Kendrick
Lin,Adrian
Cruz,Nelda
Barker,Emery
Welch,Josie
Oconnell,Nikki
Bowman,Alyson
Ferrell,Wilma
Blackburn,Benedict
Gibson,Lawanda
Gordon,Elise
Carey,Frances
Harrison,Lola
Livingston,Lindsay
Hall,Gaston
Mosley,Joe
Valentine,Kerry
Williams,Carrol
Jennings,Coy
Dillon,Zane
Mccullough,Elsie
Greer,Savannah
Cuevas,Gail
Glenn,Arron
Farrell,Arnold
Knapp,Randall
Lewis,Ambrose
Atkins,Richie
Bailey,Lauren
Odonnell,Aurelio
Wade,Edmundo
Weaver,Wilfred
Alexander,Chasity
Mcneil,Luther
Pratt,Dexter
Mckay,Lorna
Grant,Margarita
Solis,Tiffany
Cordova,Alfred
Waller,Maureen
Bean,Beulah
Davidson,Kennith
Pearson,Orlando
Petty,Mack
Lin,Dirk
Small,Ester
Mccann,Leonor
Miles,Nathanael
Miller,Everett
Jacobson,Lynne
Owen,Dale
Wong,Ignacio
Harrison,Kathie
Mullen,David
Dennis,Gena
Wolf,Deandre
Mckenzie,Danial
Frye,Rolando
Cortez,Elsa
Hartman,Lynn
Simon,Ray
Malone,Marisa
Carter,Reid
Livingston,Lindsay
Hall,Gaston
Mosley,Joe
Valentine,Kerry
Williams,Carrol
Jennings,Coy
Dillon,Zane
Mccullough,Elsie
Greer,Savannah
Cuevas,Gail
Glenn,Arron
Farrell,Arnold
Knapp,Randall
Lewis,Ambrose
Atkins,Richie
Bailey,Lauren
Odonnell,Aurelio
Wade,Edmundo
Weaver,Wilfred
Alexander,Chasity
Mcneil,Luther
Pratt,Dexter
Mckay,Lorna
Grant,Margarita
Solis,Tiffany
Cordova,Alfred
Waller,Maureen
Bean,Beulah
Davidson,Kennith
Pearson,Orlando
Petty,Mack
Lin,Dirk
Small,Ester
Mccann,Leonor
Miles,Nathanael
Miller,Everett
Jacobson,Lynne
Owen,Dale
Wong,Ignacio
Harrison,Kathie
Mullen,David
Dennis,Gena
Wolf,Deandre
Mckenzie,Danial
Frye,Rolando
Cortez,Elsa
Hartman,Lynn
Simon,Ray
Malone,Marisa
Carter,Reid
Pugh,Tina
Michael,Marva
Horne,Geraldo
Lawrence,Milagros
Hebert,Lazaro
Hooper,Jacinto
Brandt,Milton
Parrish,Abram
Boone,Vicki
Todd,Tuan
Thompson,Chase
Humphrey,Rufus
Maldonado,Kathy
Avila,Lynne
White,Jerald
Hicks,Katy
Pollard,Rosemary
Buck,Vicente
Ewing,Wilma
Silva,Dan
Mccoy,Ira
Cruz,Darius
Bird,Julian
Garcia,Dante
Webster,Garret
Dalton,Tia
Cooper,Jon
Francis,Janell
Randolph,Abe
Perkins,Jake
Melendez,Chasity
Mullen,Odell
Elliott,Dustin
Arnold,Ronnie
Payne,Maxine
Perry,Bill
Spence,Renaldo
Kelley,Celina
Fuller,Courtney
Macdonald,Renee
Wagner,Althea
Hodges,Grace
Hickman,Garth
Aguilar,Carey
Hartman,Harlan
Nash,Anton
Estes,Dominique
Mckenzie,Dolly
Munoz,Myles
Keller,Cathy
Dickerson,Rhoda
Monroe,Domingo
Watkins,Brandi
Green,Dale
Mathews,Lorenzo
Ayers,Socorro
Welch,Buck
Stein,Johnnie
Hubbard,Ronald
Galloway,Ronny
Dixon,Latonya
Reilly,Antoinette
Evans,Orlando
Mcclain,Tamara
Baldwin,Ola
Mullen,Chet
Baxter,Elton
Holder,Patrica
Logan,Jessica
Parrish,Roy
Contreras,Colby
Heath,Kristen
Cummings,Leonel
Shea,Frankie
Acevedo,Juliette
Hudson,Martina
Hoffman,Bridget
Cannon,Carl
Huang,Werner
Allison,Johnnie
Frey,Scot
Gomez,Rochelle
Cooper,Jeffrey
Mcdowell,Eldridge
Rangel,Lucy
Stephenson,Lesley
Serrano,Hipolito
Potts,Mathew
Flores,Blanca
Ewing,Roxanne
Wilson,Frieda
Floyd,Arlie
Hampton,Warner
Holden,Shana
Foley,Lila
Johnson,Janette
Horn,Helena
Ball,Willis
Rubio,Peggy
Gill,Deangelo
Ellison,Jack
Bender,Leanna
Rosario,Jasper
Steele,Isaias
Luna,Roger
Hanna,Mercedes
Duffy,Doug
Rhodes,Kendrick
Byrd,Keith
Schmitt,Miles
Landry,Adriana
Marquez,Rochelle
Horton,Ed
Castillo,Rose
Lam,Corey
Cochran,Christoper
Peters,Kelvin
Koch,Gordon
Gould,Quentin
Golden,Janelle
Griffith,Ezekiel
Bartlett,Elaine
Atkinson,Roy
Gardner,Pablo
Pugh,Kelley
Mitchell,Augustus
Brennan,Thaddeus
Osborne,Katherine
Johnston,Earl
Horne,Chris
Nolan,Elnora
Kerr,Damon
Burton,Jody
Houston,Ricky
Potter,Socorro
Knapp,Raleigh
George,Rachelle
Crawford,Dorthy
Larsen,Russell
Carson,Nolan
Hamilton,Mary
Morrow,Fred
Carlson,Dustin
Wright,Deandre
Roberson,Corine
Parsons,Mae
Ortiz,Horace
Miles,Brad
Taylor,Ivan
Stanton,Santo
Clayton,Rosie
Edwards,Roosevelt
Brock,Burton
Black,Lenny
Beasley,Selma
Herrera,Wanda
Gould,Lilia
Esparza,Madeleine
Jacobs,Nadia
Donaldson,Ora
Howard,Sonja
Andrade,Eldon
Mcdaniel,Audra
Gutierrez,Royal
Foley,Esmeralda
Villegas,Clement
Mcclain,Kirsten
Krause,Lon
Blair,Sally
Crane,Edmundo
Hutchinson,Jonathon
Bowen,Franklin
Boyle,Mamie
Nolan,Janelle
Hall,Doyle
Garcia,Marvin
Valdez,Norma
Higgins,Tommie
Duran,Darcy
Flowers,Judy
Blackwell,Vito
Leonard,Odessa
Strong,Edmond
Mullen,Lola
Howe,Freeman
Cantu,Hai
Ellison,Scottie
Hansen,Darrin
Haynes,Keven
Horn,Leopoldo
Mathews,Antwan
Tate,Catherine
Porter,Angelia
Lucero,Jaime
Walsh,Wilfredo
Robles,Lorenzo
Gillespie,Kathrine
Collier,Faith
Lewis,Bonnie
Lara,Althea
Bartlett,Devin
Espinoza,Renee
Morrow,Mikel
Suarez,Rod
Higgins,Ida
Cabrera,Napoleon
Bradford,Franklyn
Hunter,Wilmer
Ponce,Hope
Wells,Loraine
Brandt,Wilbur
Sullivan,Malik
Duffy,Margarito
Washington,Billie
Nicholson,Paula
Kerr,James
Bird,Anibal
Koch,Berta
York,Damian
Lawson,Rich
Kline,Irving
Page,Helga
Murillo,Pasquale
Baird,Jeanie
George,Adolfo
Dunlap,Ellen
Gray,Andres
Atkins,Jeromy
Benjamin,Charley
Kane,Anthony
Watkins,Rayford
Daugherty,Mayra
Neal,Dollie
Mcgrath,Emery
Weiss,Darren
Brock,Edna
Booker,Cleveland
Barrera,Anita
Sparks,Eva
Moody,Vivian
Osborn,Alta
Mcfarland,Kerry
Park,Camille
Tucker,Millicent
Hicks,Courtney
Pruitt,Fay
Landry,Josefa
Randolph,Dionne
Delacruz,Valentin
Horn,Jared
Phelps,Chase
Huff,Juana
Orozco,Ethel
Shannon,Christie
Wu,Tara
Carlson,Keneth
Parker,Lindsay
Arellano,Myles
Reed,Luigi
Calhoun,Erika
Morse,Lorraine
Mendez,Sylvia
Ortega,Owen
Kramer,Jesus
Riley,Desmond
Decker,Phil
Harrell,Lonny
Juarez,Tomas
Macdonald,Adrian
Bell,Renato
Cohen,Randal
Solomon,Araceli
Eaton,Toby
Savage,Angelica
Marquez,Gerard
Pruitt,John
Steele,Jayson
Murillo,Ronda
Harding,Lynn
Irwin,Hershel
Brewer,Desiree
Beasley,Chung
Hurst,Eileen
Khan,Felipe
Moon,Leona
Hatfield,Eve
Holmes,Emma
Hendrix,Lloyd
Lester,Dale
Arias,Chester
Salas,Laura
Walton,Tamara
Lamb,Yolanda
Mathews,Ellen
Ramsey,Concetta
Molina,Lily
Moody,Wilma
Carpenter,Stephen
Cuevas,Carlos
Mccall,Ted
Pace,Bertram
Sanders,Arlen
Arnold,Leigh
Kane,Francis
Walton,Anton
Bennett,Mervin
Osborn,Lynn
Bird,Geneva
Fleming,Clinton
Galvan,Blanca
Blair,Kellie
Booth,Emory
Kline,Kevin
Monroe,Julie
Scott,Jesse
Henry,Marina
Bauer,Tracie
Clarke,Laurence
Moon,Eula
Kelly,Ahmad
Gillespie,Abe
Luna,Eldon
Shields,Maximo
Case,Edward
Ali,Hong
Buchanan,Phil
Todd,Chauncey
Wilkinson,Tamra
Stafford,Helga
Velasquez,Marla
Huff,Kelvin
Yoder,Clayton
Skinner,Rosalinda
House,Grady
Sutton,Roland
Hardy,Jimmie
Chen,Bobbi
Lara,Quentin
Floyd,Ramona
Zuniga,Olivia
Villa,Hilton
Villanueva,Rosanne
Flores,Hershel
Hensley,Benito
Durham,Olga
Hogan,Davis
Spence,Paige
Cunningham,Carlene
Powers,Elba
Newton,Irene
Vaughn,Junior
Sparks,Dominick
Williamson,Alicia
Donaldson,Paris
Webster,Claire
Crosby,Dixie
Nunez,Alphonso
Velasquez,Zachary
Clay,Kenny
Arnold,Magdalena
Bond,Marissa
Gilmore,Autumn
Goodman,Martina
Leon,Aisha
Henson,Tomas
Curry,Juliet
Meadows,Tammy
Gaines,Sheree
Lambert,Jami
Osborn,Jeff
Burton,Marsha
Bishop,Dylan
Holmes,Agnes
Gould,Odis
Dudley,Lola
Mcdowell,Pauline
Shannon,Alyce
Wright,Bruno
Porter,Elliott
Olsen,Antonia
Khan,Josephine
Atkinson,Zelma
Zavala,Virgie
Kidd,Joyce
Fleming,Esperanza
Frey,Lynda
Bauer,Aaron
Kemp,Barney
Mitchell,Carissa
Prince,Hunter
Ferguson,Joanne
Hutchinson,Gay
Alvarado,Arnold
Cobb,Jeannine
Villarreal,Felton
Watkins,Shayne
Moody,Jenna
Burch,Dong
Cummings,Rueben
Pena,Melody
Gomez,Tonia
Fry,Evangelina
Baker,Brianna
Bautista,Deangelo
Lara,Alyson
Davenport,Andrew
Walls,Shanna
Bell,Cheryl
Salinas,Homer
Michael,Constance
Cox,Shari
Warner,Freda
Hull,David
Henderson,Bernadine
Blankenship,Monroe
Singleton,Steve
Barron,Humberto
Banks,Marion
Sharp,Leland
Carson,Kay
Martinez,Kim
Skinner,Kennith
Lewis,Benton
Weaver,Wendy
Cohen,Essie
Stuart,Ladonna
Wiley,Nadia
Cline,Arnulfo
Lutz,Alyssa
Donaldson,Katherine
Reeves,Joaquin
Russo,Antoinette
Blair,Tommy
Delacruz,Johnnie
Farley,Jeannie
Guerrero,Ada
Mccann,Young
Daniel,Mervin
Miles,Jess
Choi,Ezequiel
Sellers,Bertram
Schneider,Lou
Estes,Dominique
Reynolds,Kory
Navarro,Pearlie
Scott,Doris
Rich,Lacy
Coffey,Kristine
Williams,Mary
Luna,Von
Phillips,Bennett
Berry,Rachelle
Mendez,Odell
Love,Andrea
Turner,Jae
Frey,Alexis
Patterson,Eddie
Wilkins,Cynthia
Boyer,Malcolm
Hurley,Lawerence
Joyce,Morton
Roy,Carol
Blevins,Christi
Barry,Jessie
Watson,Alec
Donaldson,Reynaldo
Shepard,Wade
Hayden,Sidney
Chandler,Staci
Holder,Opal
Alexander,Jeannette
Kelley,Rosalinda
Greer,Naomi
Gibson,Sofia
Cook,Kathie
Glass,Mayra
Herman,Hubert
Knox,Ethel
Sosa,Wanda
Garrett,Shelby
Franco,Cora
Dennis,Freda
Collier,Twila
Stevenson,Nestor
Simpson,Fidel
Aguirre,Janette
Moss,Nelda
Huffman,Gail
Acosta,Coleman
Hampton,Nell
Stein,Alison
Burns,Andreas
Raymond,Kenny
Haynes,Keri
Orr,Susan
Oneal,Josefina
Thomas,Tami
Henderson,Adrian
Martin,Jeri
Coffey,Andres
Calderon,Beulah
Pollard,Marisa
Mason,Louis
Kane,Trina
Byrd,Russell
Yang,Jere
Day,Loraine
Brock,Delia
Singh,Elmo
Harvey,Francesco
Gilmore,Chet
Nichols,Lavonne
Camacho,Armand
Ashley,Adalberto
Brady,Terrence
Young,Marta
Yates,Leola
Vang,Christi
Ferguson,Willian
Nguyen,Doreen
Mclaughlin,Helen
Burnett,Lonnie
Haley,Debora
Christian,Lessie
Leon,Nettie
Melton,Lorie
Everett,Constance
Hester,Allison
Lin,Becky
Baird,Phyllis
Flynn,Jarrod
Finley,Phillip
Banks,Kristina
Roach,Eric
Lawrence,Alonso
Moore,Kathy
Li,Theodore
Pineda,Glenna
Franklin,Miranda
Hicks,Ike
Mcconnell,Theron
Collier,Mel
Riddle,Marilyn
Harris,Socorro
Davila,Evelyn
Jordan,Bernie
Fields,Reuben
Horton,Cary
Stein,Ernest
Jimenez,Amy
Cowan,Chris
Velasquez,Brooke
Tyler,Kelsey
Duarte,Dee
Sanders,Amelia
Warren,Nelda
Mahoney,Kerry
Mills,Linwood
Allen,Jefferson
Booth,Saul
Morales,Bobbi
Elliott,Martina
Peters,Imelda
Kent,Carlo
Yates,Rob
Brooks,Estela
Boone,Sterling
Myers,Devon
Powell,Roderick
Thomas,Rosella
Wright,Shelby
Wall,Blaine
Davila,Reba
Howe,Blanca
Mccarthy,Jae
Vazquez,Leonard
Hall,Alton
Leonard,Roosevelt
Harrell,Delores
Hammond,Benny
Jimenez,Tracey
Weiss,Thomas
Bowen,Chad
Campbell,Anastasia
Morse,Tyrell
Charles,Kermit
Gray,Deanna
Compton,Marlon
Bates,Fannie
Lozano,Aimee
Monroe,Jamar
Miles,Sophia
Hurst,Ulysses
Barnett,Ben
Erickson,Lenore
Church,Vivian
Davis,Lola
Decker,Chang
Lambert,Erna
Meyers,Bettye
Oconnor,Ernesto
Santiago,Lacy
Crawford,Katharine
Houston,Kaitlin
Huerta,Sonny
Hampton,Kasey
Dean,Ismael
Frank,Irene
Warner,Alexandra
Parks,Donald
Sutton,Elton
Ruiz,Arlie
Herman,Charles
Valdez,Nelson
Roberson,Keith
Franco,Jaime
Crosby,Sydney
Mcgrath,Taylor
Donaldson,Ruthie
Hale,Cortez
Avery,Brice
Marshall,Guillermo
Campos,Janice
Oneal,Dena
Doyle,Carmen
West,Winston
Guzman,Iris
Pace,Josephine
Vargas,Williams
Leonard,Dana
Hines,Alex
Booker,Lucille
Massey,Berry
Glover,Devon
Pierce,Suzette
Huber,Kay
Knox,Beatriz
Wong,Hugh
Andersen,Bernice
Kane,Vince
Sweeney,Angel
Strickland,Francisca
Solomon,Emily
Austin,Lavern
Villegas,Eloise
Kent,Marisa
Cabrera,Truman
Estrada,Junior
Bass,Charlie
MeadowQuinn,Quincy
Ellis,Carole
Ortega,Annabelle
Holt,Odis
Heath,Lillie
Bradford,Waylon
Hansen,Clint
Hutchinson,Rosanne
Acosta,Jordan
Gross,Lydia
Peck,Rich
Richards,Lois
Larson,Long
Howe,Bob
Morton,Louise
Maddox,Allyson
Wheeler,Darin
Sandoval,Bradford
Forbes,Marylou
Hensley,Stanford
Ramirez,Rhea
Griffith,Antoine
Berry,Kate
Hood,Heath
Duffy,Isreal
Bender,Norris
Glenn,Kristina
Beltran,Krista
Beard,Susanne
Moody,Bryan
Hanna,Paulette
Strong,Aisha
Watson,Devin
Cabrera,Angelica
Mills,Melody
Khan,Drew
Burton,Abdul
Eaton,Werner
Hickman,Clifton
Sharp,Lola
Suarez,Alicia
Morrow,Lavonne
Holden,Florencio
Alexander,Travis
Pope,Hector
Chen,Kristin
Acevedo,Lowell
Hernandez,Maxwell
Larsen,Jo
Pugh,Hannah
Mata,Kirk
Rogers,Lacey
Daugherty,Rocco
Miles,Raul
Goodman,Edith
West,Tracie
Foster,Lamar
Salas,Jolene
Morris,Lynne
Anderson,Mallory
Golden,Whitney
Case,Brianna
Zamora,Blaine
Duke,Stacey
Hurley,Gerard
Tyler,Letitia
Gay,Sherman
Lewis,Sophie
Sosa,Pat
Patterson,Kelli
Pena,Lucinda
Luna,Keenan
Maldonado,Jamal
Patton,Shon
Sellers,Bud
Mckenzie,Angie
Mason,Jarrett
Ballard,Raquel
Mccormick,Bridgett
Leon,Eula
Fields,Kitty
Campos,Joey
Lambert,Joan
Rodgers,Melinda
Mcdaniel,Juanita
Hardin,Geoffrey
Weiss,Essie
Fox,Jeremiah
Yoder,Clair
Liu,Casey
Norris,Marylou
Briggs,Jere
Lane,Warren
Gregory,Micheal
Roach,Bret
Rios,Rupert
Melendez,Tristan
Werner,Carlos
Nguyen,Mollie
Cochran,Elma
Peterson,Kieth
Hinton,Imogene
Gutierrez,Sydney
Montoya,Erin
Sosa,Emily
Everett,Debbie
Wade,Lucio
Shaffer,Theresa
Villanueva,Antoine
Dorsey,Augustine
Yates,Roseann
Austin,Margret
Landry,Bradford
Daugherty,Tiffany
Ellis,Antonio
Miles,Murray
Day,Margarita
Morgan,Roger
Salinas,Nick
Perez,Ann
Bruce,Trey
Garner,Kraig
Vazquez,Wilfred
Tanner,Jerri
Meza,Scot
Lambert,Rayford
Thomas,Lesa
Andrade,Marquis
Haley,Virgil
Benton,Tracy
Quinn,Gerry
Chen,Miriam
Conley,Max
Friedman,Rosa
Noble,Jordan
Moore,Kelly
Jennings,Pierre
Robbins,Allan
Floyd,Sandra
Bolton,Pasquale
Gamble,Adriana
Freeman,Herman
Long,Pansy
Herring,Joann
Li,Rueben
Flynn,Heriberto
George,Lorrie
Valdez,Jean
Moon,Al
Moreno,Johnie
Cuevas,Jimmy
Patterson,Ronald
Wall,Jaime
Perry,Glenda
Walker,Alexandra
Glover,Korey
Ritter,Wes
Jefferson,Mitch
Sherman,Wayne
Jenkins,Hattie
Conrad,Stevie
Beltran,Ofelia
Levy,Carter
Chung,Neil
Kim,Melissa
Lowe,Cyril
Boyer,Bradford
Blanchard,Lino
Lawson,Caroline
Potter,Aldo
Small,Marquita
Montoya,Stefan
Kennedy,Erna
Adkins,Tod
Rasmussen,Alva
Arnold,Alisha
Pollard,Karl
Warner,Agnes
Norman,Lon
Walters,Selma
Cannon,Rueben
Hutchinson,Millicent
Lin,Angel
Schmitt,Cliff
King,Antwan
Hickman,Jodi
Buckley,Lorena
Odom,Emmanuel
Cummings,Ahmad
Aguirre,Brendon
Frye,Araceli
Stevens,Theresa
Simmons,Shirley
Hayden,Clair
Fry,Whitney
Mcguire,Nathan
Logan,Jeromy
Conner,Allyson
Harris,Margarito
Stewart,Giuseppe
Phillips,Dirk
Calderon,Jayson
Pacheco,Carrie
Kaiser,Theo
Powers,Millie
Dennis,Sheldon
Galvan,Guy
Mercer,Jorge
Foley,Trina
Hudson,Katherine
Schroeder,Basil
Jacobs,Winston
Bernard,Erik
Good,Kendrick
Gonzalez,Brooke
Fitzgerald,Serena
Massey,Trenton
Valencia,Lorena
Dickerson,Jeramy
Elliott,Lawanda
Hurst,Rosario
Shelton,Pablo
Garcia,Kris
Campbell,Susan
Porter,Ernie
Benton,Jeromy
Washington,Ned
Benson,Faye
Hale,Kurt
Roberts,Coleen
Dixon,Fred
Gillespie,Tommy
Preston,Ezequiel
Waller,Lilian
Saunders,Felix
Briggs,Hilary
Dominguez,Tamara
Bowers,Jae
Decker,Julian
Herrera,Frankie
Bolton,Isabelle
Potter,Ricardo
Cowan,Rochelle
Hendrix,Marquis
Montoya,Lucius
Olsen,Carter
Owens,Sol
Bauer,Annette
Levine,Alexandria
Ashley,Ted
Barber,Vickie
Raymond,Granville
Ewing,Eva
Mckenzie,Leta
Dorsey,Eusebio
Wyatt,Gonzalo
Blair,Stanley
Avery,Nona
Thornton,Angelia
Long,Cherie
Baird,Cortez
Daniels,Bruno
Lloyd,Sally
Valdez,Keri
Cantu,Sonja
Oliver,Lakeisha
Barajas,Pansy
Dawson,Sam
Price,Diana
Sheppard,Sasha
Pace,Cory
Wong,Jamey
House,Percy
Blackwell,Johnny
Shaffer,Elnora
Kemp,Ricardo
Petty,Rosalyn
Saunders,Nathan
Mack,Tasha
Conrad,Jill
Stokes,Rosalinda
Williamson,Kelly
Krause,Thomas
Howe,Ike
Mckee,Lenny
Jennings,Mervin
Wallace,Lynwood
Bennett,Rod
Gonzalez,Tammy
Waller,Kasey
Duffy,Alfonzo
Lindsey,Emilia
Fitzgerald,Timothy
Gay,Damion
Mcfarland,Patty
Rowland,Mickey
Kent,Whitney
Johnson,Francis
Huber,Tyrone
Landry,Tod
Parsons,Tristan
Maddox,Mayra
Fuller,Otto
Kent,Paulette
Lin,Sherri
Higgins,Joshua
Alvarez,Lorna
Short,Hilda
Simmons,Coleman
Baker,Clarissa
Holmes,Steve
Pacheco,Rolf
Eaton,Ana
Mullins,Cecelia
Walton,Alexandra
Avery,Bryan
Park,Herminia
Morgan,Toby
Stanley,Cornell
Moyer,Dianna
Hernandez,Georgina
Padilla,Jane
Compton,Katheryn
Moody,Bernie
Miller,Darrel
Townsend,Virgil
Carlson,Ty
Manning,Martha
Velasquez,Leanne
Johnson,Alberto
Solomon,Evangelina
Flowers,Gregorio
Mahoney,Brock
Lutz,Stefan
Pruitt,Marsha
Malone,Ralph
Branch,Felipe
Weber,Michele
Sanford,Gay
Lucas,Adeline
Lewis,Jimmie
Gonzales,Sherman
Randolph,Stanford
Ashley,Lacy
Hoffman,Roderick
Pineda,Sonny
Bates,Johnathan
Cowan,Queen
Sutton,Anthony
Patterson,Paige
Huang,Boris
Blanchard,Lewis
Lozano,Charles
Webb,Colton
Holden,Trevor
Rowland,Garth
Mack,Shana
Parrish,Margarito
Barajas,Sebastian
Scott,Matilda
Lambert,Bobbie
Harrell,Amalia
Cherry,Marquis
Conrad,Stanley
Flynn,Alfreda
Stevens,Hershel
Lloyd,Phillip
Gamble,Jeromy
Pollard,Jerri
Brady,Parker
Whitehead,Kari
Shah,Joe
Norman,Jeffry
Mullins,Emily
Valencia,Bo
Best,Marcy
Nelson,Elba
Bush,Shawn
Byrd,Dana
Wilcox,Maribel
Logan,Edwardo
Hebert,Candy
Novak,Myron
Mcintyre,Nancy
Maldonado,Sid
Peters,Gavin
Guzman,Buster
Roach,Margaret
Carpenter,Staci
Mcdowell,Lora
Gibbs,Hugo
Lamb,Milo
Maynard,Omar
Dickson,Enoch
Little,Natalia
Ho,Tammy
Khan,Isaac
George,Whitney
Morgan,Kendall
Graves,Jack
Campos,Consuelo
Bryant,Demarcus
Love,Dale
Wiggins,Lupe
Vance,Debra
Rowland,Sandra
Ritter,German
Cline,Myrtle
Fry,William
Sutton,Shawna
Huffman,Jayne
Nichols,Domingo
Sharp,Eduardo
Bender,Ella
Austin,Ezekiel
Roth,Jesse
Stanley,Etta
Lam,Rita
Butler,Loren
Wiley,Darcy
White,Patrica
Daniels,Winnie
Pitts,Jude
Conley,Kareem
Burke,Edwin
Pruitt,Norbert
Hayes,Carey
Dawson,Laura
Chambers,Pedro
Cardenas,Madelyn
Downs,Tammy
Hester,Newton
Arnold,Josef
Farmer,Danny
Wolfe,Quincy
Huerta,Derek
Branch,Zachary
Padilla,Adrian
Graham,Grace
Preston,Anna
Lopez,Steven
Harrington,Julian
Cherry,Billie
Horton,Christian
Reyes,Gregory
Figueroa,Claud
Duran,Tom
Morton,Tobias
Long,Cleveland
Kim,Ann
Stevens,Valarie
Le,Danilo
Mccarty,Trevor
Newman,Jeffrey
Vang,Herminia
Lang,Eula
Patterson,Corrine
Gibson,Antonio
Cohen,Mavis
Leon,Dionne
Cantu,Allison
Blanchard,Whitney
Hansen,Bridgett
Barrera,Rocco
Harding,Malinda
Herring,Suzanne
Parsons,Bob
Donaldson,Kendall
Miranda,Garrett
Barron,Alta
Ayala,Dwain
Holmes,Dianne
Barnett,Beverly
Calderon,Gabriela
Stone,Caitlin
Aguirre,Reba
Stafford,Violet
Meadows,Maria
Harrell,Maritza
Shelton,Katherine
Terrell,Rosella
Ballard,Cherry
Wells,Mable
Rice,Lindsay
Melton,Rachelle
Carrillo,Tiffany
Blair,Lane
Barnes,Lemuel
Kane,Liliana
Douglas,Rufus
Wang,Andre
Yu,Darrell
Brooks,Jules
Mcpherson,April
Howe,Angelia
Lester,Gaylord
Woodard,Susana
Dawson,Sofia
Welch,Gary
Huang,Eva
Conner,Forrest
Huynh,Luis
Stevenson,Grant
Howard,Keisha
Walls,Douglass
Baird,Jesse
Patrick,Kurtis
Sawyer,Maynard
Goodwin,Jeromy
Mcdonald,Harris
Ball,Olen
Maynard,Eldon
Barron,Faye
Mcgee,Santo
Cooley,Tracey
Hansen,Kerry
Suarez,Sophie
Cuevas,Lionel
Garrett,Ola
Wilson,Stephanie
Dennis,Claire
Myers,Malcolm
Snyder,Jennifer
Carney,Ursula
Beck,Beatriz
Strickland,Ronda
Zuniga,Randy
Johns,Newton
Butler,Cathryn
Glenn,Alden
Willis,Emilio
Munoz,Kristin
Lloyd,Craig
Kirk,Leta
Hernandez,Andrew
Vega,Oswaldo
Miles,Danilo
Cabrera,Johanna
Barrera,Marilyn
Wells,Leroy
Galvan,Harley
Reyes,Geraldine
Chambers,Anibal
Morales,Andrea
Scott,Omar
Lowe,Carroll
Hall,Joan
Tanner,Dean
Contreras,Sherman
Gamble,Harriet
Mcneil,Valentine
Snyder,Cornelius
Griffin,Myrtle
Hunter,Cecilia
Charles,Carmela
Watkins,Efrain
Ho,Joanna
Zuniga,Beulah
Foster,Stanford
Anderson,Moses
Long,Esther
Cochran,Marshall
Bond,Dolores
Griffith,Ronald
Henry,Devin
Chung,Sidney
Knox,Courtney
Steele,Enid
Orozco,Louie
Meyer,Moshe
Robles,Krista
Sawyer,Dale
Cobb,Johnson
Silva,Belinda
Ibarra,Rosa
Mccoy,Sebastian
Nicholson,Kurt
Simmons,Kelly
Graves,Miles
Caldwell,Elizabeth
Christensen,Marquis
Hendricks,Juliette
Adams,Justine
Arellano,Tony
Bryan,Cecil
Riley,Loren
Gregory,Jere
Bowers,Hung
Hansen,Monroe
Roman,Joy
Cabrera,Son
Walters,Antony
Hoffman,Robert
Snow,Ambrose
Norris,Ophelia
Mercer,Burt
Nielsen,Fanny
Davis,Harrison
Lindsey,Britney
Dominguez,Roberta
Powers,Karl
Myers,Rosemary
Benson,Frances
Ritter,Waylon
Lowe,Jamar
Livingston,Kristine
Gardner,Alisha
Love,Devon
Miles,Loyd
Bradley,Susana
Vance,Berta
Parks,Gerald
Johnson,Ester
Landry,Patricia
Tyler,Maricela
Hale,Jerrod
Mcgee,Lilian
Austin,Dannie
Waters,Sandy
Cook,Marcellus
Thomas,Danielle
Carter,Theo
Hobbs,Evelyn
Blake,Corey
Oconnor,Granville
Monroe,Damon
Padilla,Winfred
Robertson,Murray
Stone,Earle
Sherman,Christoper
Little,Haywood
Macias,Eugene
Paul,Winnie
Bentley,Edwina
Mooney,Helena
Vazquez,Sidney
Dixon,Jerrold
Zuniga,Fanny
Vang,Humberto
Brady,Kimberly
Cooley,Lynn
Andersen,Wilmer
Casey,Luann
Sutton,Sandra
Ballard,Jonas
Lane,Sol
Case,Ernesto
Lawrence,Derick
Sexton,Helene
Bell,Albert
Rowland,Ashley
Shepherd,Paul
Sharp,Percy
Bauer,Rhoda
Hays,Eileen
Simon,Dylan
Patton,Gretchen
Buck,Valarie
Cherry,Lillie
Woodward,Sheryl
Benson,Autumn
Ferrell,Willie
Gonzalez,Kate
Wade,Quinn
Fitzpatrick,Hollis
Dillon,Jeffry
Haney,Hunter
Doyle,Herman
Lara,Ivy
Wolf,Joanna
Mcguire,Roger
Mooney,Eddy
Long,Ronald
Perry,Colton
Lewis,Gil
Murillo,Donn
Mcintosh,Laurence
Bautista,Cora
Harper,Will
Flowers,Wendell
Summers,Maryann
Chaney,Nathanael
Haynes,Jimmie
Hurley,Edna
Schneider,Paulette
Pineda,Jolene
Grant,Edwin
Armstrong,Lorene
Edwards,Beverly
Zavala,Ray
Gallegos,Deanna
Wang,Mandy
Savage,Alexander
Best,Carly
Nolan,Ira
Jones,Daniel
Mcmillan,Savannah
Crawford,Reed
Meadows,Marsha
Mayo,Cornelius
Best,Tameka
Yoder,Olga
Bradshaw,Josefina
Castaneda,Terence
Johnston,Marva
Frey,Joy
Solomon,Vito
Benson,Max
Sims,Jean
Perez,Isaac
George,Carla
Hubbard,Melissa
Cain,Casey
Morrow,Carlo
Khan,Cheryl
Newton,Lillian
Mcdonald,Francisco
Burton,Denise
Reeves,Effie
Clarke,Jackson
Hinton,Kenny
Chavez,Vicente
Galloway,Trudy
Herman,Horace
Richmond,Thomas
Stokes,Candy
Simpson,Roscoe
Good,Freddie
Harrell,Inez
Stanton,Jordan
Romero,Harry
Lutz,Gertrude
Schultz,Rafael
Rich,Leonardo
Ponce,Eileen
Sosa,Georgia
Glenn,Selma
Barr,Brandi
Hurst,Donn
Ibarra,Ty
Underwood,Jessie
Mullins,Elva
Kirk,Tamika
Bryan,Avery
Reynolds,Bessie
Hanson,Dorothy
Scott,Man
Bowen,Staci
Bond,Lino
Raymond,Carrol
Kelley,Rickie
Hardy,Jefferson
Galvan,Michael
Mcdonald,Lindsay
Cain,Sang
Jenkins,Heath
Mcpherson,Arlen
Atkins,Marc
Hodges,Augustus
Oconnor,Fanny
Rollins,Murray
Dillon,Pam
Norris,Annmarie
Mcbride,Gayle
Wheeler,Hilary
Dixon,Kathie
Kaiser,Margaret
Stanley,Sophie
Cannon,Dusty
Carson,Blaine
Estes,Kelley
Benson,Araceli
Ochoa,Elroy
Ray,Hilton
Berry,Arnold
Gomez,Isabelle
King,Irma
Anthony,Norma
Mullins,Isabella
Pierce,Ike
Short,Milagros
Mckay,Tracey
Chambers,Millard
Levine,Winnie
Graves,Amos
Cross,Eloise
Morales,Lynnette
Contreras,Charlotte
Wilkins,Fannie
Collins,Adrienne
Nguyen,Darrick
Thornton,Colton
Dyer,Tommy
Casey,Lee
Bryant,William
Riley,Justine
Calderon,Millicent
Weeks,Sterling
Hickman,Edmond
Rivers,Bret
Peck,Warner
Barnes,Gena
Jensen,Brandi
Stark,Benedict
Murillo,Winford
Mcgee,Juliana
Sharp,Garrett
Murphy,Corina
Barker,Irma
Mack,Bethany
Park,Kristin
Cross,Jose
Pollard,Cherie
Clarke,Camille
Huff,Chasity
Gibson,Isidro
Payne,Christa
Cooper,Tanisha
Espinoza,Wilbert
Carrillo,Jessica
Wilkerson,Lillie
Smith,Santos
Winters,Sheila
Crosby,Judson
Bailey,Julia
Fitzpatrick,Lucile
Whitney,Alejandro
Jennings,Jimmy
Olsen,Glenda
Byrd,Clement
Dougherty,Julie
Gillespie,Stevie
Phelps,Joy
Chan,Kimberley
Reilly,Alana
Price,Jere
Guzman,Ismael
Richardson,Bert
Morgan,Shauna
Pennington,Donna
Leonard,Ernest
Ibarra,Hester
Franco,Bobbie
Gilmore,Wm
Gentry,Reid
Stein,Trey
Leblanc,Mitchel
Dunlap,Stacie
Haney,Betty
Wyatt,Malik
Gonzales,Lawanda
Willis,Elba
Raymond,Allen
Braun,Mel
Pope,Mia
Copeland,Mayra
Weaver,Isaac
Rivas,Lonny
Carlson,Joe
Travis,Felix
Hayden,Tyron
Rice,Allan
Rich,Krista
Mccann,Manuela
May,Sheila
Jenkins,Ezra
Garcia,Jordan
Stanley,Carson
Elliott,Francisco
Hall,Hong
Neal,Liza
Salas,Merrill
Baker,Tommy
Mullen,Jeannette
Zamora,Alma
Lyons,Jewel
Mahoney,Victoria
Fowler,Carrie
Bass,Candy
Olsen,Paris
Kane,Rocky
Ross,August
Weeks,Annette
Carr,Addie
Durham,Alexis
Mccullough,Abby
Charles,Ann
Carroll,Opal
Mora,Roxie
Mercado,Melisa
Holmes,Alvin
Simmons,Steven
Freeman,Rosalie
Moreno,Fredric
Fleming,Rickie
Lara,Mavis
Baxter,Raymon
Blair,Alyson
Hunt,Gilberto
Fuller,Evelyn
Yates,Kory
Whitehead,Felicia
Roberts,Letitia
Klein,Selena
Shaw,Omar
Wiggins,Freda
Sloan,Cordell
Dalton,Susanna
Koch,Lila
Mays,Bennie
Gentry,Gay
Kline,Francisco
Heath,Mildred
Bruce,Rodney
Johns,Zachariah
Lin,Elmer
Gamble,Donny
Archer,Austin
Vargas,Lidia
Estes,Tad
Watts,Garland
Malone,Jeffery
Kidd,Ralph
Dudley,Leonardo
Merritt,Raleigh
Booker,Dominick
Potts,Floyd
Saunders,Jason
Carney,John
Yu,Danielle
Dunlap,Jack
Houston,Mary
Hobbs,Staci
Snyder,Darrell
Galvan,Augustus
Rojas,Salvador
Spencer,Ellis
Mora,Earle
Goodwin,Mae
Duffy,Ashlee
Wang,Daniel
Herrera,Christopher
Peterson,Rebekah
Leonard,Janna
Weeks,Betsy
Patel,Leroy
Armstrong,Pierre
Mcdaniel,Loren
Schwartz,Annabelle
Villarreal,Serena
Bryant,Tania
Neal,Alba
Gibbs,Cornelia
Skinner,Efren
Watkins,Eloy
Baldwin,Tricia
Ali,Eliza
Ortiz,Lionel
Erickson,Isabel
Hatfield,Thaddeus
Gates,Mike
Compton,Rodney
Morse,Bridgette
Gilmore,Ryan
Riley,Nelda
Novak,Karl
Eaton,Brain
Trujillo,Hollis
Shepard,Myron
Hendricks,Timothy
Kemp,Courtney
Kramer,German
Yang,Andrea
Daugherty,Sheldon
Santos,Mai
Hunt,Lanny
Shah,Margarito
Gallegos,Matthew
Garrison,Elma
Arroyo,Leonel
Baxter,Iva
Vincent,Toni
Lynn,Julio
Kaufman,Arturo
Porter,Gail
Aguilar,Asa
Wilcox,Eugenio
Irwin,Houston
Choi,Randolph
Schwartz,Jamey
Martinez,Rosario
Perez,Dee
Strong,Sonia
Farmer,Reyes
Hodge,Lamar
Patton,Damien
Murray,Lottie
Dillon,Angie
Thomas,Rosalyn
Herrera,Abigail
Boyd,Tanisha
Hoover,Ethan
Beck,Dorsey
Saunders,Boyd
Mason,Lacy
Reeves,Rosalinda
Gill,Robin
Mclean,Terence
Alexander,Vicki
Jackson,Fidel
Heath,Rene
Benitez,Zelma
Berry,Letha
Swanson,Mario
Goodwin,Marcy
Gilmore,Guy
Gallagher,Buck
Mahoney,Barney
Tate,Adrienne
Mcknight,Broderick
Dominguez,Lesley
Patterson,Rudolph
Hinton,Michael
Bradshaw,Katelyn
Marshall,Vincenzo
Moran,Aron
Andrews,Eva
Foley,Dionne
Dawson,Kara
Hurst,Elliott
Liu,Kris
Bryant,Reba
Ibarra,Elias
Bean,Allyson
Massey,Noemi
Mcguire,Clayton
Bowers,Kerry
Peterson,Sydney
Keller,Genaro
Gilbert,Adela
Cortez,Katharine
Salazar,Kristine
Delgado,Ladonna
Li,Angela
Lynch,Monroe
Kaiser,Megan
Reynolds,Freda
Farmer,Rupert
Hawkins,Isreal
Mcmahon,Morton
Mcconnell,Ferdinand
Padilla,Marietta
Arnold,Colby
Howell,Shad
Whitehead,Deidre
Snyder,Kenton
Collier,Frederic
Waters,Antione
Wilson,Merlin
Marquez,Santo
Castillo,Shannon
Rocha,Gene
Lara,Debora
Chen,Juanita
Wilcox,Robin
Simpson,Teri
Boyle,Roslyn
Sanders,Marcelino
Proctor,Deanna
Hodges,Wilma
Joyce,Elijah
Schmitt,Noe
Decker,Adrienne
Armstrong,Marco
Manning,Elvis
Montes,Osvaldo
Dickerson,Alisa
Ochoa,Clark
David,Barry
Wang,Dorsey
Mcclain,Mohamed
Curry,Dominic
Hanna,Dudley
Franklin,Dave
Serrano,Jamar
Sanford,Cherry
White,Ed
Watkins,Cathy
Lucero,Jame
Fitzgerald,Rufus
Bowen,Carol
Best,Kasey
Levy,Marisol
Howe,Judith
Stuart,Ernesto
Briggs,Norman
Orr,Ignacio
Reynolds,Fredric
Moody,Hunter
Harvey,Bethany
Joyce,Manuel
Wade,Archie
Livingston,Neva
Gross,Garfield
Martinez,Edwina
Cuevas,Rogelio
Heath,Marcelino
Cameron,Domingo
Johnson,Marcella
Arellano,Emilia
Bowers,Cleo
Pearson,Dino
Rodgers,Noah
Haley,Ray
Hodge,Zack
Watts,Wilfredo
Houston,Darrin
Vargas,Cameron
Stewart,Johnathan
Morse,Stacy
Bailey,Constance
Cruz,Rosie
Liu,Billy
Mason,Jaime
Andrade,Isidro
Carrillo,Trent
Chung,Abel
Wolf,Velma
Solomon,Rico
Dickerson,Huey
Glass,Numbers
Proctor,Dorthy
Bray,Ferdinand
Herman,Bryce
Rodriguez,Elisha
Pruitt,Lynn
Massey,Aurelio
Pennington,Vincenzo
Simon,Nicolas
Leonard,Jenna
Frost,Milton
Mckee,Lucas
Bush,Eusebio
Phillips,Ina
Mcclure,Adolfo
Whitaker,Werner
Hinton,Maryanne
Barker,Sabrina
Hooper,Lilly
Roy,Consuelo
Serrano,Dexter
Nixon,Hilton
Hooper,Heidi
Matthews,Clay
Mays,Daphne
Cowan,Mamie
Cline,Francisco
Bauer,Stephan
Barnett,Malik
Herman,Andres
Castaneda,Kim
Mccarthy,Giuseppe
Snow,Lillie
Willis,Freeman
Lane,Kasey
Bell,Shanna
Donaldson,Ronny
Herrera,Terra
Fischer,Jamey
Stokes,Elbert
Carrillo,Claudine
Blackburn,Brent
Mcdonald,Erica
Kidd,King
Bautista,Ambrose
Phillips,Tania
Conway,Otto
Sexton,Elba
Mejia,Donovan
White,Emory
Russo,Tanner
Fuller,Clara
Tyler,Belinda
Harper,Carlo
Murray,Mariana
Atkinson,Christina
Palmer,Carly
Adkins,Heather
Watson,Beulah
Lewis,Maynard
Kirk,Edmund
Bartlett,Mallory
Jacobson,Eddie
Finley,Derek
Mathis,Dino
Boyer,Wes
Douglas,Bernard
Harding,Francine
Morrison,Melissa
Meyers,Vera
Miller,Roger
Macias,Elva
Kirby,Milford
Riddle,Alton
Vargas,Tanner
Pitts,Prince
Barrera,Luke
Johns,Dick
Sweeney,Carrie
Carroll,Bret
Ramos,Tania
Becker,Bettye
Mathis,Bobbie
Faulkner,Imelda
Jarvis,Felton
Beasley,Ernesto
Bender,Darrel
Weaver,Clemente
Shea,Tami
Porter,Carolyn
Zimmerman,Tonia
Kane,Kristen
Villanueva,Reginald
Marsh,Denise
Marks,Antony
Giles,Jannie
Zamora,Sammie
Hardin,Michelle
Guzman,Ilene
Pineda,Deann
Haney,Dong
Haley,Quintin
Ho,Myrtle
Osborn,Dylan
Joseph,Nita
Singleton,Lou
Heath,Selena
Cuevas,Tyrone
Woodard,Dusty
Holloway,Viola
Howe,Clay
Turner,Veronica
Burns,Royal
Bolton,Odell
Barnes,Houston
Johnson,Henrietta
Frye,Collin
Tapia,Sol
Mckee,Janna
Mata,Dion
Fitzgerald,Erwin
Fernandez,Lacey
Daniel,Erma
Horton,Rueben
Sheppard,Dexter
Tucker,Linda
Arroyo,Tod
Sanders,Geoffrey
Gay,Katheryn
Hogan,Shelia
Curtis,Mohamed
Ibarra,Raphael
Barron,Deon
Gomez,Waylon
Casey,Carlene
Boyer,Dean
Pierce,Lynwood
Boyle,Gay
Liu,Doug
Benjamin,Dixie
Vazquez,Warner
Cabrera,Stephen
Hammond,Buddy
Hill,Cherie
Merritt,Luz
Roth,Carmela
Terry,Efrain
Li,Stanley
Berry,Millard
Reyes,Eula
Bartlett,Shane
Melton,Isaac
Decker,Rickie
Griffin,Carmella
Stevens,Quintin
Ewing,Clare
Powell,Edna
Hopkins,Lesley
Lynch,Bryant
Jacobson,Graham
Mayer,Jose
Ross,Errol
Santana,Ruben
Potter,Mandy
Deleon,Glenda
Ho,Alyssa
Hubbard,Carson
Walls,Porter
Proctor,Tanya
Brady,Donna
Jensen,Cristobal
Chan,Adriana
Hutchinson,Concepcion
Romero,Glen
Rangel,Miranda
Le,Les
Dickson,Thaddeus
Ball,Kermit
Glass,Marcos
Adkins,Mitzi
Arias,Noelle
Odonnell,Eugene
Riddle,Nancy
Velasquez,Tristan
Glover,Erin
Daugherty,Graham
Bryant,Otha
Montoya,Lawrence
Wong,Ina
Brewer,Geraldo
Mccullough,Nona
Deleon,Dong
Rose,Hannah
French,Gracie
Bowen,Fern
Solomon,Bernard
Benson,Isaias
Fields,Andre
Tanner,Van
Suarez,Lilly
Marshall,Darryl
Johns,Nicole
Zuniga,Sheri
Shaffer,Coleman
Mitchell,Franklin
Campbell,Tamra
Buckley,Grover
Cooley,Leila
Baxter,Lewis
Soto,Deidre
Vang,Raphael
Aguilar,Lincoln
Paul,Lenora
Hurley,Thomas
Dougherty,Nichole
Doyle,Otis
Navarro,Valentine
Rowland,Isiah
Copeland,Hal
Dawson,Ella
Wagner,Paris
Bird,Norbert
Parrish,Hyman
Randall,Buck
Tapia,Raul
Church,Bradley
Cowan,Brianna
Parks,Marcy
Knapp,Bette
Mcneil,Bryon
Rich,Cecelia
Gonzalez,Irwin
Bradshaw,Kendra
Pearson,Corey
Greer,Normand
Oliver,Wilford
Golden,Drew
Short,Ramona
Kaufman,Brady
Kramer,Hosea
Benson,Moses
Irwin,Milo
Barrett,Sasha
Shah,Kathryn
Velez,Sam
Johns,Roscoe
Swanson,Desiree
Klein,Toni
York,Annette
Duarte,Zack
Graham,Wilburn
Melton,Santo
Santiago,Fermin
Archer,Denver
Barber,Son
Petty,Ezekiel
Warren,Reva
Mcpherson,Lazaro
Hays,Graig
May,Lester
Salinas,Mark
Abbott,Daren
Marshall,Elma
Daniels,Lacey
Wolf,Brigitte
Mendez,Vicente
Odonnell,Dwight
Ramirez,Marcel
Stafford,Zachery
Hodges,Linda
Stephens,Mauro
Drake,Dalton
Marsh,Marsha
Hale,Alisha
Tyler,Velma
Downs,Barton
Morse,Rolando
Bell,Tyrell
Ortiz,Olin
Avery,Amanda
Baldwin,Violet
Rodgers,Stephan
Bright,Sadie
Santos,Leah
Grimes,Olivia
Campos,Earl
Oliver,Angie
Russell,Shawn
Wall,Mindy
Obrien,Neil
French,Randy
Farmer,Lorene
Bowman,Jerrod
Ramos,Debora
Lucero,Jerome
Carter,Irma
Richmond,Erich
Terry,Lino
Benitez,Robert
House,Bud
Arellano,Gilberto
Wade,Courtney
Dougherty,Kenneth
Yu,Gene
Crosby,Mitch
Sanchez,Jenifer
Parrish,Meredith
Mora,Goldie
Lewis,Ira
Doyle,Bo
Gibbs,Mabel
Torres,Kara
Gallagher,Kenny
Mcgee,Doyle
Velazquez,Micheal
Ellis,Benny
Rubio,Tonia
Hanna,Glen
Farley,Yong
Byrd,Claudette
Mora,Jenny
Perry,Ruben
Carroll,Greg
Coffey,Horacio
Keith,Jacques
Montoya,Rudolf
Dickson,Manual
Barnett,Jesse
Gross,Sherrie
Mcpherson,Millicent
Booker,Wilma
Gibbs,Earlene
Rios,Allan
Caldwell,Arron
Hodges,Markus
Richards,Darron
Reyes,Woodrow
Andrade,Jonathan
Valencia,Kip
Daniels,Derek
Davis,Randall
Calhoun,Columbus
Solomon,Paulette
Cuevas,Ambrose
Cummings,Gaylord
Irwin,Wes
Knox,Clifton
Holder,Tracie
Trujillo,Melissa
Cohen,Alejandro
Wong,Sondra
Floyd,Harvey
Tucker,Sofia
Maxwell,Anthony
Giles,Morgan
Sanford,Jeannette
Jacobson,Luella
Blankenship,Alonso
Cross,Jane
Shea,Winford
Harrison,Sean
Ayers,Frank
Bird,Aisha
Bryan,Jocelyn
Lutz,Cassandra
Parker,Stanley
Rush,Vito
Stafford,Dixie
Travis,Lola
Navarro,Jayne
Butler,Lupe
Riddle,Graham
Ross,Bradley
Hodge,Cornelius
Figueroa,Arron
Franklin,Kim
Santana,Nannie
Reynolds,Elroy
Daniel,Bert
Stafford,Garfield
Mcdonald,Shirley
Dunlap,Coy
Braun,Dannie
Booth,Charity
Savage,Carly
Waters,Sharon
Santiago,Gretchen
Tyler,Chris
Barber,Denver
Gardner,Ambrose
Jenkins,Edith
Woodward,Elliott
Woodard,Mara
Sherman,Otto
Wheeler,Yong
Mullins,Carolyn
Cervantes,Emmett
Bentley,Ashley
Vance,Roger
Buchanan,John
Mcgrath,Earle
Wood,Merrill
Ewing,Issac
Villa,Kerry
Burnett,Mauricio
Flynn,Arnoldo
Wolfe,Michale
Reeves,Brent
Webb,Tanya
Bush,Rose
Ayala,Lacy
Zavala,Keneth
Owens,Nicolas
Harding,Ora
Koch,Barbara
Dickerson,Jaclyn
Harris,Reynaldo
Nunez,Herbert
Kent,Von
Moses,Louise
Larson,Gaston
Carter,Lucio
Gillespie,Fred
Moran,Joel
Hooper,Edmundo
Lawrence,Stefan
Chung,Araceli
Mercado,Betty
Gentry,Vivian
Glass,Shon
Holt,Bradley
Jarvis,Alfonzo
Arnold,Johnnie
Molina,Dennis
Waller,Otto
Krause,Jay
Banks,Garry
Meadows,Chauncey
Mcneil,Sonya
Chan,Annabelle
Bauer,Kevin
Merritt,Colton
Farley,Ola
Miranda,Samuel
Spencer,Elvia
Payne,Merlin
Blackwell,Dora
Stafford,Waylon
Floyd,Myrna
Silva,Britney
Vaughn,Luis
Whitney,Murray
Freeman,Ines
Morris,Jaime
Campos,Wilburn
Baker,Clayton
Burns,Brad
Dudley,Kirby
Atkinson,Adele
Arroyo,Lisa
Hart,Sherwood
Ferguson,Junior
Meyer,Valerie
Hensley,Lora
Barajas,Granville
Zamora,Angelica
Terry,Tod
Wade,Rosie
Pittman,Joyce
Knox,Edgardo
Combs,April
Serrano,Robt
Noble,Bridgett
Boyle,Young
Davenport,Adela
Lee,Thurman
Benton,Angelique
Baker,Abel
Hendrix,Refugio
Shaffer,Stuart
Buckley,Alexis
George,Reid
Christian,Sondra
Herring,Peggy
Dyer,Dalton
Cummings,Terrence
Woodward,Deirdre
Cervantes,Hipolito
Hatfield,Harold
Cameron,Leigh
Burns,Bryant
Yoder,Phoebe
Walsh,John
Baxter,Howard
Luna,Garfield
Jordan,Eugene
Madden,Maxine
Cooke,Kurt
Barnes,Oscar
Cortez,Damian
Hopkins,Lucia
Rich,Patricia
Marquez,Miquel
Mccall,Claudia
Berg,Brent
Quinn,Blake
Stone,Carroll
Moyer,Bessie
Donaldson,Ezekiel
Norris,Johnathon
Mendez,Brittany
Mills,Christopher
Bennett,Philip
Frederick,Lino
Warner,Toni
Murphy,Kareem
Sharp,Erica
Matthews,Marjorie
Oneill,Derrick
Moss,Chung
Hammond,Randy
Merritt,Angelina
Collier,Staci
Silva,Rosanne
Drake,Natalia
Adkins,Tracie
Hernandez,Lydia
Fritz,Cecil
Gill,Maria
Ward,Bennett
Velasquez,Lynnette
Curtis,Deidre
Carrillo,Otto
Bright,Adan
Pearson,Elva
Dunlap,Emmett
Woodward,Clifford
Stanley,Stanley
Pope,Chad
English,Zackary
Dougherty,Patricia
Krueger,Major
Johnston,Araceli
Quinn,Lupe
Garcia,Mark
Joseph,Isreal
Underwood,Tammie
Meyer,Lawanda
Melendez,Floyd
Stevenson,Larry
Fitzpatrick,Laurence
Henry,Normand
Pacheco,Betsy
Meza,Sydney
Pennington,Pearl
Contreras,Taylor
Gay,Beverley
Bernard,Jordon
Good,Juanita
Welch,Isaiah
Freeman,Ada
Rosales,Gena
Kennedy,Jess
Mcguire,Brett
Pugh,Janell
Kemp,Susana
Nunez,Coleman
Gentry,Melba
Bradshaw,Doris
Blake,Trevor
Orr,Sheldon
Case,Rubin
Sherman,Ramiro
Lynch,Mercedes
Miranda,Ed
Vance,Sonja
Woodard,Dirk
Mcmahon,Lynn
Frey,Marlin
Riggs,Roman
Lane,Norberto
Wolf,Barbara
Osborne,Janell
Mcconnell,Marty
Singh,Flossie
House,Pierre
Carter,Sebastian
Watts,Cecil
Sanders,Mollie
Acevedo,Isaias
Valentine,Kenneth
Boyer,Roland
Malone,Ben
Vaughan,Lynda
Newman,Evangeline
Evans,Carey
Ramirez,Adalberto
Lang,Bradford
Melendez,Ellen
Rasmussen,Reyes
Travis,Charles
Hammond,Sandra
Carr,Tyson
English,Frankie
Allen,Ron
Decker,Madeline
Morris,Leola
Blake,Kristin
Henderson,Arlie
Floyd,Deann
Wong,Reginald
Kent,Del
Compton,Seymour
Scott,Whitney
Moon,Lesley
Solis,Jonathan
Burns,Jimmie
Hurst,Brandi
Franco,Loretta
Lozano,Deidre
Solomon,Aline
Hammond,Franklyn
Quinn,Janis
Duffy,Isaias
Griffin,Herman
Cook,Lea
Oliver,Ferdinand
Mcdaniel,Darcy
Conley,Fernando
Bowman,Nona
Bass,Marcel
Mckenzie,Kennith
Barrett,Zack
Wilson,Alvaro
Sanders,Shawn
Hines,Marla
Krueger,Dustin
Hendricks,Shelby
Lawson,Madeline
Henson,Edith
Allen,Sasha
Hansen,Billy
Williamson,Kip
Cross,Juan
Maynard,Brendan
Tyler,Gladys
Ortega,Emily
Francis,Anthony
Dennis,Les
Hays,Joy
Gaines,Jerald
Boyle,Laura
Farley,Leo
Sanchez,Reyna
Lowery,Selma
Acosta,Lyle
Farrell,Rickie
Benjamin,Hope
Horton,Ali
Downs,Angeline
Olson,Chasity
Ballard,Lucas
Weeks,Jackie
Floyd,Andres
Hale,Nelda
York,Jenna
Costa,Joan
Charles,Crystal
Ashley,Yolanda
Mayo,Susanne
Pollard,Patrica
Frazier,Max
Sawyer,Ollie
Glenn,Teresa
Krause,Kent
Cohen,Marcellus
Kemp,Lessie
Valencia,Titus
Bernard,Edwardo
Goodwin,Mercedes
Bates,Roger
Santiago,Yesenia
Reyes,Saundra
Rojas,Kathryn
Bullock,Marjorie
Mitchell,Sonny
Houston,Roberto
Nunez,Gary
Wilkins,Ezequiel
Hansen,Emmitt
Chavez,Eusebio
Mcmillan,Von
Lowery,Brandy
Dean,Norma
Blevins,Charlotte
Barber,Victoria
Marsh,Dillon
Pruitt,Jerrod
Mclean,Alejandra
Casey,Alphonso
Logan,Clifton
Cherry,Dwayne
Hawkins,Chuck
Olson,Traci
Deleon,Francis
Hamilton,Willie
Tran,Joanna
Lindsey,Mose
Jennings,Isiah
Franklin,Tamra
Figueroa,Faustino
Perkins,Buddy
Bradshaw,Mitchel
Gibson,Dolly
Garner,Tanner
Willis,Paris
Gaines,Berry
Bray,Jared
Barajas,Shirley
Bush,Pasquale
Lindsey,Lenard
Hobbs,Zackary
Winters,Della
Vance,Mindy
Cuevas,Stanford
Kane,Loyd
Woodward,Ernest
Becker,Frederic
Howe,Bette
Patel,Oscar
Elliott,Darrick
Strickland,Jennifer
Mclean,Lawerence
Cooper,Valarie
Hensley,Eve
Hodge,Jackie
Conner,Weldon
Franco,Jamaal
Brown,Monica
Bautista,Carl
Hartman,Magdalena
Meyers,Richie
Pineda,Brock
Andrews,Korey
Garrett,Merle
Burns,Mark
Moore,Nikki
Peck,Lenny
David,Chong
Wilkinson,Deena
Payne,Louisa
Flores,Loraine
Lloyd,Sadie
Dominguez,Bertha
Ho,Jerold
Vazquez,Deanne
Cabrera,Raul
Ferguson,Titus
Bell,Tiffany
Carey,Mariano
Larsen,Beth
Douglas,Lucinda
Villegas,Marquis
Maxwell,Lea
Sloan,Laurel
Mercado,Basil
Gray,Wilma
Callahan,Gregorio
Fleming,Eldon
Cruz,Brandon
Tucker,Cristina
Byrd,Alejandra
Jones,Alexis
Arellano,Wade
Benitez,Maribel
Carson,Jody
Leonard,Augustine
Barajas,Maximo
Carr,Craig
Allison,Valarie
Hartman,Antoine
Townsend,Hassan
Hughes,Gus
Bean,Minh
Bolton,Maryann
Bridges,Deidre
Ochoa,Jessica
Donaldson,Jessie
George,Lawerence
Cochran,Alan
Nichols,Mamie
Robles,Alana
Lynn,Heriberto
Davenport,Shelby
Jefferson,Concetta
Rangel,Edgar
Wallace,Joan
Rivera,Inez
Charles,Louisa
Orr,Rosie
Stanley,Margarito
Small,Isidro
Campbell,Sally
Mcfarland,Moshe
Reilly,Tisha
Leach,Rosanna
Manning,Jewell
Barr,Jere
Brooks,Delores
Parrish,Patricia
Guzman,Huey
Kline,Coleen
Schultz,Janelle
Clements,Vivian
Warren,Tara
Moses,Kara
Martinez,Malinda
Choi,Maryanne
Ho,Yvonne
Huerta,Man
Dorsey,Linwood
Brandt,Philip
Dalton,Carey
Johnson,Bridgett
Hays,Dana
Sandoval,Andre
Reed,Jason
Matthews,Gene
Lane,Randell
Singleton,Irwin
Rogers,Edgar
Cabrera,Emerson
Schaefer,Francisca
Webster,Kris
Wise,Desiree
Choi,Gordon
Good,Adriana
Garza,Amber
Sutton,Courtney
Ford,Dallas
Santana,Alphonso
Orr,Bennett
Case,Vicente
Vega,Alana
Horne,Truman
Dougherty,Molly
May,Joyce
Shaw,Marina
Mullins,Melanie
Velez,Elwood
Charles,Sheldon
Wyatt,Albert
Trujillo,Kraig
Leon,Lorie
Herrera,Tyree
Rhodes,Jane
Clarke,Marietta
Burton,Dion
Mcmahon,Wayne
Roach,Jc
Gonzales,Moses
Peters,Cathleen
Duncan,Ariel
Foley,Derick
Davies,Hipolito
Faulkner,Kristi
Fletcher,Lindsay
Reeves,Ada
Weber,Tuan
Snow,Jami
Reyes,Cherry
Morgan,Tamara
Sherman,Gregory
Higgins,Jamar
Clark,Cedric
Ellison,Jamal
Gibbs,Carolyn
Lopez,Humberto
Walls,Emory
Barker,Isabelle
Mclean,Moises
Bauer,Michael
Knapp,Kareem
Ritter,Ty
Austin,Opal
Mendez,Madeleine
Duke,Vern
Vincent,Linda
Tyler,Beatrice
Schneider,Tommie
Hebert,Deann
Harper,Malcolm
Evans,Scott
Ross,Janna
Fitzpatrick,Bobbie
Aguilar,Johnson
Beard,Sheryl
Brandt,Kennith
Christensen,Logan
Peterson,Reyna
Rice,Aileen
Hernandez,Marguerite
Chung,Marylou
Shepherd,Alyssa
Adkins,Howard
Mcgee,Brent
Brady,Lidia
Jenkins,Jeffry
Fisher,Casey
Bell,Justine
Blankenship,Elliot
Allison,Gerardo
Huffman,Mac
Crosby,Chad
Decker,Erick
Gardner,Mitzi
Maynard,Zachery
Patterson,Shane
Newman,Leigh
Randolph,Odis
Escobar,Lorie
Clements,Lourdes
Collier,Shirley
Randolph,Jerrod
Frederick,Jeannie
Collins,Jared
Horn,Andrea
Hatfield,Francisco
Jenkins,Fanny
Schmitt,Monroe
Kidd,Agustin
Salazar,Chandra
Reid,Rayford
Cummings,Royal
Burke,Frances
Wilcox,Geoffrey
Bryan,Henrietta
Owens,Lydia
Chaney,Ervin
Levine,Leonardo
Madden,Claudine
Mcgee,Alma
Conway,Janell
Rasmussen,Shelby
Thompson,Renaldo
Chan,Ramiro
Sexton,Annie
Mathews,Shelby
Stuart,Pauline
Williams,Lillian
Weeks,Buford
Carney,Amy
Klein,Alfonso
Moss,Mervin
Dyer,Melissa
Chapman,Edwina
Washington,Garth
Sullivan,Tara
English,Alexandra
Hahn,Clarence
Hobbs,Lester
Richard,Jacinto
Murray,Adriana
Willis,Faith
Hopkins,Lila
Oconnor,Adan
Mcneil,Marci
Daniels,Jacquelyn
Kerr,Alexis
Gentry,Lacey
Ross,Erin
Conner,Jasmine
Drake,Hassan
Allen,Arthur
Gillespie,Benton
Christian,Son
Avery,Wallace
Cooley,Kari
Kirby,Leanna
Bond,Berry
Ray,Herminia
Glenn,Charlene
Lindsey,Gaston
Wagner,Deon
Davies,Cara
Dunlap,Dianne
Bauer,Keven
Russell,Leigh
Eaton,Lucius
Mccarty,Nicolas
Bell,Monica
Goodwin,Lupe
Velasquez,Jerri
Gomez,Lenora
Benson,Lidia
Bean,Meghan
Ibarra,Hallie
David,Lucinda
Roth,Emile
Kent,Ashley
Richmond,Marci
Espinoza,Lloyd
Baker,Rhea
Shelton,Alexis
Parrish,Christie
Jacobs,Terrence
Rogers,Zelma
Parks,Lorene
Delgado,Mauricio
Hanna,Dane
Bonilla,Tamera
Salazar,Evelyn
Conway,Larry
Villarreal,Gino
Gates,Wendi
Neal,Ginger
Kelly,Evangelina
Mclaughlin,Cary
Landry,Jonas
Arias,Margarita
Nolan,Lula
Odom,Dwain
Navarro,Lara
Jacobs,Perry
Jennings,Denise
Goodman,Eliseo
Singh,Reid
Hardy,Melisa
Parrish,Bryan
Crane,Neva
Leon,Rory
Mullins,Berry
Sparks,Bobbie
Bautista,Freida
Humphrey,Edison
Shepard,Jarred
Horne,Mack
Ray,Annette
Barnes,Alyssa
Kirk,Audra
Grimes,Marcus
Hodges,Marquita
Hull,Jeanne
Figueroa,Edmond
Friedman,Eve
Simpson,Joy
Soto,Estella
Greer,Oswaldo
Burke,Deloris
Beard,Andres
Cantu,Johanna
Barber,Marcelino
Dillon,Bobbie
Nicholson,Agustin
Benson,Wade
Mccall,Delbert
Hopkins,Shirley
Gregory,Calvin
Owens,Denver
Harding,Angelique
Hunt,Rocky
Fitzpatrick,Graham
Vasquez,Tim
Landry,Letha
Patrick,Elnora
Chavez,Dominic
Meyers,Miquel
Sanchez,Tami
Frederick,Adolph
Glass,Fred
Hubbard,Alfreda
Hooper,Grady
Walsh,Tonya
Norton,Nickolas
Holland,Blake
Pearson,Rachael
Schroeder,Garry
Gaines,Claudette
Bernard,Deana
Gomez,Brandie
Jimenez,Cesar
Young,Christi
Hardin,Lorie
Rasmussen,Graciela
Aguilar,Reggie
Hudson,Dave
Morrow,Josie
Rollins,Felecia
Dodson,Russell
Page,Elroy
Sparks,Deann
Guzman,Branden
Meza,Aron
Foley,Craig
Fernandez,Ellsworth
Hampton,Lydia
Solis,Rodney
Avery,Jared
Brooks,Hugo
Barnett,Carlo
Cuevas,Xavier
Hensley,Gus
Singh,Elliott
Lamb,Vicente
Daniel,Latasha
Camacho,Lynnette
Payne,Jim
Cisneros,Audrey
Villanueva,Tom
Ramsey,Antoine
Pacheco,Francisca
Lowe,Woodrow
Malone,Tuan
Floyd,Pam
Welch,Evangelina
Cantu,Cody
Simmons,Shannon
Ramirez,Jeanie
Osborn,Darren
Benton,Vince
Michael,Jonathan
Le,Benedict
Hawkins,Nichole
Quinn,Lizzie
Bowen,Heather
Hammond,Ralph
Herman,Willy
Jackson,Lino
Petty,Dave
Greene,Willard
Vaughan,Claudio
Bruce,Marlin
Boyd,Lamont
Knapp,Raphael
Small,Rodrick
Donaldson,Tanner
Booth,Lorenzo
Schroeder,Dorian
Estrada,Lourdes
Jarvis,Mauro
Lara,Diego
Daugherty,Rob
Sharp,Tim
Todd,Gracie
Burns,Marjorie
Boyer,Cornelius
Harding,Ezra
Anthony,Micah
Craig,Ernie
Dudley,Gerry
Shea,Tessa
Berger,Shari
Stein,Vance
Espinoza,Ryan
Bradley,Amelia
Wood,Darlene
Silva,Stanford
Harris,Cara
Hudson,Imelda
Hart,Melanie
Lindsey,Melba
Hayden,Shawn
Khan,Garfield
Wilkinson,Pamela
Sosa,Gertrude
Hensley,Thaddeus
Sellers,Roy
Olsen,Sherry
Allen,Clement
Richmond,Megan
Bullock,Ronda
Mcgrath,Kennith
Horton,Laurie
Arnold,Jeramy
May,Kelly
Glass,Jeannine
Montoya,Guillermo
Potts,Beulah
Mcintosh,Chuck
Phillips,Cristobal
Gay,Miriam
Salazar,Maryanne
Duran,Everette
Stanley,Elena
Armstrong,Jerrod
Moreno,Brad
Holland,Becky
Ponce,Tracey
Fisher,Gil
Ritter,Deena
Krause,Tad
Benson,Merlin
Walter,Davis
Hanson,Krystal
Harrington,Ivy
Briggs,Gene
King,Jordan
Castillo,Edmundo
Davies,Sara
Parks,Demarcus
Jefferson,Luther
Bruce,Gary
Cross,Alvaro
Carpenter,Melva
Sampson,Lance
Shaffer,Mitchel
Gould,Leslie
Moore,Margarito
Wheeler,Jayson
Odom,Georgina
Dorsey,Corrine
Sutton,Boyce
Burnett,Bradly
Mendoza,Renato
Ray,Elisha
Gamble,Toni
Schwartz,Mauricio
Hooper,Luisa
Vincent,Jack
Cardenas,Lou
Meadows,Lorna
Castro,Issac
Weeks,Milan
Cochran,Evangeline
Phillips,Andre
Peters,Ross
Griffith,Earnest
Blackburn,Anne
Lynn,Wallace
Simpson,Josefina
Webb,Garry
Munoz,Therese
Pratt,Jacklyn
Gregory,Carmen
Ewing,Clinton
Benjamin,Lou
Craig,Jeanie
Hardin,Brandi
Gomez,Marietta
Lam,Doris
Douglas,Lois
Collins,Ethel
Jordan,Grady
Whitney,Johnson
Werner,Stephan
Boyer,Carmelo
Johns,Hobert
Mays,Rufus
Chandler,Danial
Rasmussen,Marguerite
Castaneda,Edmundo
Owens,Iris
Jennings,Haley
Hopkins,Stan
Barrera,Juan
Murillo,Elbert
Kline,Randy
Ball,Merrill
Flores,Raleigh
Carpenter,Jonathon
Wilkerson,Rosa
Braun,Willy
Cunningham,Andres
Clay,Shon
Wheeler,Rosanne
Santana,Rudy
Lambert,Vito
Rivas,Lyle
Santiago,Darren
Petersen,Santiago
Alvarez,Patrica
Bruce,Cecelia
Gaines,Curt
Rich,Antonia
Peck,Rosendo
Norton,Dewayne
Torres,Brooks
Nichols,Roosevelt
Nielsen,Estella
Cochran,Stewart
Garner,Benjamin
Boyd,Wendy
Shea,Ivy
Cervantes,Randolph
Nicholson,Sonny
Crawford,Emil
Hart,Tricia
Middleton,Antwan
Phillips,Beth
Rodriguez,Randall
Miller,Loren
Conley,Sophie
Morrow,Beau
Quinn,Son
Duncan,Mae
Rojas,Lacey
Choi,Stacie
Becker,Virgil
Nelson,Olive
Baxter,Alexandria
Patterson,Reynaldo
Warren,Richie
Grant,Doris
Mathews,Rashad
Greer,Ty
Bradley,Ruby
Cordova,Darlene
Hartman,Marianne
Newman,Emily
Mccoy,Tracy
Schaefer,Abigail
Arellano,Muriel
Carney,Adalberto
Fernandez,Francis
Lozano,Ruben
Bates,Katelyn
Wheeler,Elijah
Mejia,Adrian
Chapman,Hayden
Holt,Brooke
Burton,Pamela
Cherry,Tami
Decker,Harriett
May,Jacklyn
Barrett,Gaston
Caldwell,Stacie
Howell,Tommie
Russo,Tameka
Weber,Ernie
Mccarty,Carlene
Navarro,Evelyn
Stone,Bertie
Kirk,Herb
Hobbs,Stewart
Burke,Laura
Webb,Judy
Harrell,Aaron
Proctor,Vincent
Nolan,Lindsay
Riddle,Goldie
Burnett,Beverley
Haas,Kristina
Grimes,Rey
Mckenzie,Glenna
Ho,Jed
Key,Derrick
Parsons,Ofelia
Mcintyre,Beau
Morton,Eric
Carson,Deshawn
Kramer,Katherine
Rush,Chester
Coffey,Stevie
Martin,Clemente
Espinoza,Cecilia
Lawson,Matt
Sharp,Enid
Olson,Angel
Copeland,Mallory
Underwood,Lelia
Dean,Mauricio
Forbes,Martha
Hensley,Megan
Pope,Josefina
Webster,Benny
Wilcox,Carson
Bird,Wendy
Lopez,Ned
Spears,Oswaldo
Ashley,Sid
Kirby,Leandro
Hardin,Romeo
Thompson,Alyssa
Duffy,Wes
Vargas,Joyce
Liu,Marina
Peck,Warren
Thornton,Rodolfo
Moon,Lon
Peters,Althea
Decker,Rueben
Ellis,Jimmy
Lewis,Sheena
Pennington,Neva
Walker,Lou
Black,Herb
Munoz,Ina
Buck,Jeffery
Hensley,Dario
Nicholson,Sonya
Arnold,Allan
Christian,Cristina
Bernard,Dollie
Mcdowell,Tanya
Huerta,Callie
Dalton,Jerry
Burnett,Ben
Tanner,Letitia
Solis,Bertram
Mcgee,Thad
Nunez,Hilda
Gentry,Reginald
Caldwell,Socorro
Matthews,Dominic
Bryant,Margarita
Wise,Derrick
Rollins,Clifton
Mckenzie,Coleman
Villarreal,Rosario
Meza,Annabelle
Larsen,Marisol
Mckee,Elma
Krause,Julio
Hernandez,Christian
Donovan,Johnie
Padilla,Adele
Velez,Madelyn
Conley,Greta
Moody,Teddy
Montgomery,Ned
Meza,Elvin
Solomon,Oren
Brewer,Pearlie
Velasquez,Rosanna
Lutz,Malinda
Noble,Terrance
Cain,Antoinette
Kelly,Spencer
Robbins,Joseph
Hess,Earline
Singh,Jeri
Kaiser,Isabel
Greer,Angel
Armstrong,Tad
Buchanan,Rosemarie
Clark,Milton
Ford,Johnathan
West,Kaye
Gilmore,Mitzi
White,Chi
Jarvis,August
Farrell,Clark
Davidson,Truman
Gardner,Humberto
Perez,Scott
Ferguson,Cornelia
Green,Jefferson
Diaz,Jessica
Blake,Caroline
Roy,Lyman
Hendricks,Beverley
Curtis,Lelia
Todd,Gail
Chavez,Kristy
Rogers,Janette
Welch,Lawanda
Daniels,Erin
Phelps,Dane
Church,Bennie
Hays,Santo
Singleton,Olivia
Cuevas,Louella
Ward,Marvin
Oneal,Natalia
Bullock,Galen
Huff,Carol
Kennedy,Cheryl
Dalton,Vincent
Bautista,Nita
Krause,Dominic
Olsen,Cheryl
Lewis,Edgar
Mccann,Deangelo
Riddle,Waylon
Blair,Krystal
Lawson,Kris
Moses,Rico
Good,Saul
Black,Virginia
Pace,Ike
Bates,Beau
Reyes,Lara
Hatfield,Arden
Woodard,Maryellen
Cortez,Dennis
Burch,Rhett
Bentley,Laurel
Stevenson,Edna
Huff,Elias
Benitez,Napoleon
Powers,Phyllis
Bradford,Aldo
Singh,Charity
Washington,Carlo
Sexton,Annie
Copeland,Faith
Singleton,Sherwood
Moody,Tricia
Garza,Ivan
Mcmahon,Myron
Mathis,Minnie
Olson,Jeromy
Sherman,Iris
Bradshaw,Jewel
Beasley,Jerold
Meza,Edwina
Melendez,Adolph
House,Freddie
Curry,Brianna
Yoder,Hunter
Marshall,Dong
Davenport,Dana
Mcmillan,Lavern
Farley,Douglas
Alvarez,Gabriela
Kim,Joan
Bauer,Valarie
Wall,Angelo
Hampton,Alicia
Snow,Larry
Reid,Elise
Parrish,Samantha
Gilmore,Grady
Schultz,Hipolito
Perry,Karl
Farrell,Delmer
Hopkins,Saul
Shaffer,Beverly
Sampson,Silvia
Cantrell,Rosie
Boyd,Lupe
Farmer,Jared
Ortega,Junior
Bridges,Carlos
Vargas,Michelle
Grant,Devon
Ruiz,Christian
Harding,Mel
Roberts,Rolland
Robinson,Susie
George,Shari
Duke,Franklin
Bradford,Rufus
Massey,Ola
Hines,Ellis
House,Romeo
Juarez,Randi
Choi,Hilton
Salinas,Rodrick
Prince,Marcos
Harrington,Rosario
Cameron,Rosa
Walton,Estelle
Hardin,Roscoe
Murphy,Gerardo
Cowan,Josie
Flowers,Connie
Nelson,Lucille
Harper,Spencer
Blevins,Nathanial
Ayala,Max
Ellis,Kerri
Andrade,Edmund
Hunter,Clinton
Jacobs,Antione
Dougherty,Bobbie
Calhoun,Loren
Flores,Darren
Contreras,Celina
Mcguire,Joel
Ray,Mauro
Lutz,Burt
Mcmillan,Eunice
Rodriguez,Carlton
Ryan,Williams
Schmitt,Marty
Johnston,Neville
Fletcher,Derrick
Gallagher,Lena
Alexander,Willie
Hurley,Valarie
Campbell,Christine
Todd,Rubin
Black,Patrice
Stanton,Bud
Huffman,Norbert
Estrada,Consuelo
Ponce,Maryanne
Mercer,Glenna
Curtis,Marsha
Norton,William
Bond,Gustavo
Arnold,Claudette
Tate,Estella
Booth,Abby
Cannon,Dewayne
Mccullough,Aurelia
Phillips,Nathaniel
Juarez,Bernice
Patterson,Leon
Cline,Candy
Gonzales,Errol
Atkinson,Leopoldo
Kirk,Kristy
Wade,Roxanne
Bender,Jay
Moreno,Tami
Rivas,Chi
Orozco,Jarod
Poole,Ines
Mcintosh,Eddie
Frank,Deloris
Larson,Sung
Small,Malik
Jimenez,Esperanza
Briggs,Madelyn
Hooper,Dianne
Nicholson,Santos
Hayes,Milan
Griffith,Rosemarie
Ray,Marcella
Thompson,Kelli
Mercado,Chong
Mitchell,Zelma
Gay,Leila
Faulkner,Molly
Garrison,Tia
Harrison,Sharon
Orr,Cyril
Stokes,Jess
Thornton,Mohammad
Roach,German
Chavez,Nannie
Ware,Jillian
Ortiz,Evangelina
Myers,Tanner
Dominguez,Amy
Duarte,Faustino
Price,Dale
Cruz,Lucius
Farley,Jerrod
Reid,Zachary
Newman,Travis
Haas,Patrick
Horn,Rachel
Esparza,Wilda
Wolfe,Jamal
Mcpherson,Elwood
Goodman,Lauren
Warren,Elisha
Randolph,Judith
Rush,Jacqueline
Lowe,Fay
Hull,Augustine
Jordan,Susie
Reilly,Willa
Wiggins,Nita
Hale,Kristina
Adams,Anthony
Hendrix,Marcelo
Marsh,Lucien
Wilson,Elijah
Holden,Lorenzo
Orozco,Shaun
Cobb,Guy
Barber,Marie
Chan,Lowell
Farrell,Donnell
Rivera,Valentin
Downs,Leandro
Combs,Frankie
Nunez,Brenton
Montes,Clement
Sosa,Elnora
Duarte,Kelli
Jordan,Juana
Simon,Diane
Gibbs,Sophia
Ballard,Elliott
Dunn,Rena
Harvey,Hal
Walls,Jay
Marshall,Delia
Butler,Anastasia
Wallace,Vito
Hensley,Vilma
Yoder,Nora
Wade,Donny
Frederick,Clarice
Guerra,May
Hoover,Hipolito
Page,Doug
Graves,Raquel
Olson,Kristopher
Mccoy,Gail
Salinas,Mary
Ramos,Helga
Reilly,Cecelia
Rivers,Georgina
Rich,Nathaniel
Frost,Rufus
Arroyo,Hai
Barajas,Sandy
Matthews,Anderson
Conner,Curtis
Coleman,Lori
Dominguez,Derrick
Shelton,Melanie
Chen,Dexter
Burnett,Luigi
Paul,Sharron
Blevins,Bryce
Garner,Tammie
Harrington,Saundra
Thompson,Asa
Hatfield,Elisha
Fowler,Albert
Barry,Tiffany
Taylor,Lucio
Richmond,Clarence
Marsh,Kathrine
Ayers,Mack
Jordan,Reynaldo
Cisneros,Leta
Zamora,Sonya
Barker,Beatrice
Chaney,Ray
Romero,Lucius
Stout,Refugio
Beltran,Darron
Pollard,Ruby
Mcdowell,Melvin
Newman,Bert
Bruce,Bridgett
Wong,Ofelia
Mays,Abby
Cordova,Tanya
Wiggins,Georgina
Mckee,Louis
Booker,Arnoldo
Saunders,Rayford
Christensen,Reva
Mendoza,Sara
Tanner,Willard
Stevenson,Meagan
Wyatt,Horace
Allison,Kristofer
Kaufman,Wendell
Oconnell,Susanna
Weber,Dustin
Andersen,Jill
Adkins,Christian
Warner,Pansy
Pena,Katheryn
Hester,Demarcus
Leon,Essie
Raymond,Sharlene
Quinn,Ronda
Wu,Lakeisha
Baxter,Moshe
Simpson,Armando
Bryant,Tyree
Mcclure,Judson
Levy,Elizabeth
King,Polly
James,Rocky
Barry,Alissa
Higgins,Herman
Grant,Bart
Barnett,Jeremiah
Jones,Eldon
Ramos,Benny
Mercado,Grace
Collins,Jude
Knight,Granville
Galvan,Alex
Matthews,Genaro
Briggs,Tisha
Harris,Shannon
Poole,Daryl
Solis,Gino
Hess,Frances
Phillips,Queen
Atkins,Sammy
Huerta,Joann
Christian,Phillip
Le,Liliana
Daugherty,Lynette
Chen,Freddy
Cobb,Elden
Moss,Janette
Strickland,Hiram
Hobbs,Loraine
Tran,Claire
Curry,Chas
Calhoun,Julio
Roberts,Marcelo
Foley,Herb
Flynn,Malinda
Zuniga,Jules
Clarke,Janis
Owens,Thaddeus
Mclean,Shawna
Wolfe,Dannie
Murphy,Patrice
Mcdaniel,Fredrick
Gallagher,Yvette
Rosario,Mickey
Davidson,Dewey
Hughes,Marcy
Donaldson,Carrie
Gaines,Eileen
Mcgee,Kory
Arroyo,Ollie
Herring,Kaitlin
Rivas,Katy
Houston,Louise
Leonard,Charley
Mcpherson,Ernesto
Powell,Reva
Woods,Chas
Zimmerman,Felix
Potts,Robbie
Blackburn,Jerrod
Farmer,Art
Hays,Essie
Kirby,Drew
Rasmussen,Efren
Carney,Henry
Yang,Gay
Alvarado,Jerald
Rodriguez,Susanna
Vega,Sung
Doyle,Augusta
Escobar,Ted
Lozano,Lindsay
Hancock,Eduardo
Delacruz,Deborah
Crawford,Sidney
Castro,Christian
Cooke,Raymon
Tate,Darcy
Mathis,Marcos
Thompson,Newton
Richard,Deangelo
Barrera,Shirley
Cisneros,Kurtis
Carr,Carolina
Morrow,Max
Fitzgerald,Gaston
Landry,Lynn
George,Imogene
Bird,Blanca
Dunn,Melisa
Madden,Delia
Hudson,Joaquin
Oliver,Debbie
Robles,Katharine
Todd,Mohamed
Ponce,Colette
Sandoval,Darrel
Kemp,Erin
Wilcox,Moses
Underwood,Terence
Mccann,Dalton
Galloway,Angelia
Browning,Jane
Wagner,Alexis
Vazquez,Anton
Mahoney,Candace
Le,Lauri
Roman,Robin
Whitaker,Amber
Delacruz,Lorenzo
Hendricks,Jaime
Mcknight,Jodie
Burns,Rosella
Long,Isabel
Maddox,Jacob
Bartlett,Terrie
Ibarra,Johnson
Joyce,Jean
Johnston,Edgardo
Lam,Bryan
Mayo,Rashad
Fox,Kathie
Hodge,Adalberto
Pham,Sterling
Murray,Kerry
Hutchinson,Jess
Villa,Amparo
Best,Vaughn
Frank,Lenora
Rasmussen,Stevie
Barrera,Coy
Webster,Tracy
Vega,Jame
Briggs,Angel
Gonzales,Delores
Evans,Russ
Gibbs,Kent
Yoder,Von
Frost,Douglass
Keller,Josefina
James,Jeannie
Herman,Terence
Stark,Alison
Peterson,Ruth
Krause,Enrique
Barber,Harvey
Gould,Deangelo
Mata,Jeff
Rose,Earnestine
Bryan,Jarrett
Savage,Jerry
Walter,Clarence
Mckee,Dee
Mcclure,Milo
Morrow,Lilly
Sweeney,Lucia
Kelley,Tamera
Blake,Jaclyn
Howe,Cornelius
Holloway,Grover
Mcintosh,Estela
Serrano,Buster
Farley,Gwendolyn
Randall,Robert
Elliott,Julia
Greer,Gregg
Erickson,Carol
French,Eldon
Baxter,Edwardo
Ingram,Pearlie
Haley,Geoffrey
Braun,Taylor
Mcconnell,Rebekah
Page,Fredric
Parsons,Naomi
Bass,Cristina
Marquez,Emily
Mccarty,Jacob
Yates,Ross
Oliver,Ellen
Fletcher,Barry
Rogers,Hunter
Collier,Todd
Jones,John
Maynard,Kirsten
Hensley,Tricia
Wagner,Burl
Sawyer,Carmelo
Martinez,Marcellus
Chavez,Marcelo
Snyder,Wendi
Shields,Kareem
Hickman,Wilmer
Ortega,Vincent
Wiley,Dewey
Bell,Alyson
Graham,Sandy
Hamilton,Nadine
Alvarado,Dalton
Prince,Sue
Patterson,Kathrine
Pearson,Mamie
Kane,Quinn
Burke,Burton
Barrett,Kent
Barry,Bennie
Hawkins,Darnell
Owens,Eddie
Mosley,Cristobal
Braun,Margo
Gibson,Garland
Bullock,Rudolf
Gallagher,Jacklyn
Rosales,Stanton
Merritt,Garrett
Benitez,Mario
Mora,Sammy
Rios,Letitia
Mccormick,Sung
Barber,Mona
Ibarra,Lynwood
Wolfe,Bertram
Spencer,Dominique
Fernandez,Marianne
Roy,Mckinley
Mejia,Ebony
Montgomery,Nickolas
Diaz,Jere
Mccarthy,Tristan
Moyer,Marcel
Bryan,Helga
Marquez,Bruce
Mcguire,Francesca
Pollard,Vaughn
Rivers,Joaquin
Ali,Lana
Salas,Erich
Richmond,Nita
Reid,Esteban
Norton,Philip
Delacruz,Bertie
Hickman,Monique
Harrington,Dana
Jensen,Ethel
Norris,Alexandria
Burke,Isreal
Roberts,Andreas
Huang,Lyndon
Sullivan,Elaine
Vaughan,Pearl
Kelly,Garret
Molina,Lazaro
Kidd,Diann
Luna,Lanny
Brewer,Russell
Shaffer,Cruz
Gonzalez,Laurel
Sanford,Roxie
Flowers,Sharron
Stephenson,Barney
Reese,Lyman
Kane,Jerrell
Beasley,Ann
Acevedo,Rickey
Cooper,Cassandra
Roberson,Tamra
Chambers,Rex
Castro,Ned
Pena,Hunter
Dudley,Osvaldo
Durham,Maude
Solis,Manuel
Gilmore,Leonardo
Mckay,Jefferson
Hawkins,Sol
Ellison,Len
Frank,Christopher
Chen,Colin
Summers,Herman
Tyler,Columbus
Riddle,Jessica
Barton,Wilmer
Zhang,Trent
Lane,Dorothy
Valdez,Ruthie
Obrien,Lorie
Deleon,Lucile
Singh,Patricia
Alvarado,Cole
Garcia,Ralph
Garza,Bradley
Walker,Regina
Chang,Sharon
Montgomery,Adele
Ritter,Natasha
Chung,Shirley
Ho,Marva
Bradford,Rodney
Jacobs,Arnold
Baxter,Eddie
York,Edmundo
Curry,Gonzalo
Grimes,Jacklyn
Lozano,Dorian
Miles,Marissa
Mcbride,Carrol
Sandoval,Lara
Merritt,Joaquin
Park,Curtis
Dominguez,Cristopher
Reid,Shannon
Mercado,Amy
Ramirez,Leonardo
Nicholson,Billy
Fitzpatrick,Francis
Lambert,Martina
Walsh,Angela
Ryan,Carlos
Giles,Adele
Murray,Bud
Kent,Joseph
Griffith,Pauline
Rivera,Ronda
Prince,Rigoberto
Skinner,Jon
Howard,Allen
Massey,Christian
Moran,Rene
Kline,Regina
Proctor,Ernestine
Rodgers,Judith
Blake,Terri
Copeland,Anderson
Johns,Virgilio
Walker,Terry
Harrison,Geneva
Davenport,Liz
Cole,Trina
Strickland,Blaine
West,Saul
Moore,Darron
Castillo,Annmarie
Gaines,Liza
Baldwin,Robt
Potts,Lamont
Dennis,Emile
Mcconnell,Lorraine
Alvarez,Felicia
Mejia,Harvey
Short,Katelyn
Becker,Wilda
Sampson,Irene
Beasley,Evangelina
Tran,Lena
Sosa,Lyle
Zavala,Pam
Kaiser,Josh
Schwartz,Angelique
Parrish,Hester
Valenzuela,Cliff
Guzman,Trudy
Oneal,Malik
Nguyen,Elena
Gentry,Steven
Yates,Donn
Daniels,Billy
Silva,Beulah
Baldwin,Deidre
Velez,Bryan
Palmer,Ernesto
Pollard,Fletcher
David,Aline
Hensley,Peggy
Gillespie,Earnest
Camacho,Gabrielle
Bullock,Rocky
Sanchez,Kenny
King,Gail
Bell,Dorothy
Collins,Dorothea
Matthews,Dixie
Golden,Al
Mcconnell,Regina
Bentley,Chase
Cobb,Kurtis
Cook,August
Downs,Chung
Ellison,Emmett
Santiago,Freddie
Reed,Violet
Rangel,Hiram
Pitts,Lea
Robbins,Damian
Burton,Ken
Webster,Maxine
Lara,Marva
Howell,Brittany
Boyle,Vincent
Donovan,Thomas
Sheppard,Rickey
Serrano,Josue
Bradley,Keven
Velazquez,Sofia
Rhodes,Robin
Mckay,Vickie
Mayer,Chauncey
Carney,Marcella
Carrillo,Jolene
Glenn,Kathy
Lambert,Norman
Beard,Clare
Pope,Teri
Brown,Buford
Fitzpatrick,Allison
Richmond,Vince
Chase,Sanford
Morgan,Aron
Lewis,Lucia
Berger,Michael
Yoder,Stacie
Oconnell,Josue
Wong,Chi
Jacobson,Tomas
Trujillo,Porfirio
Perkins,Keenan
Christian,Fredrick
Swanson,Carla
Gray,Thad
Tucker,Josh
Waters,Rochelle
Bullock,Imogene
Avery,Joesph
Leblanc,Carol
Vang,Kate
Harrell,Weldon
Wyatt,Petra
Osborne,Carlos
Ashley,Claire
Gates,Travis
Park,Cherry
Weiss,Dusty
Pittman,Floyd
Daugherty,Kurtis
Mendoza,Roxanne
Moreno,Georgina
Marks,Rafael
Jennings,Berry
Sweeney,Cynthia
Petty,Theo
Love,Jeremiah
Boone,Lane
Stein,Luther
Frazier,Rudolf
Small,Kasey
Jimenez,Ben
Blankenship,Melba
Chase,Harland
Chavez,Latisha
Gray,Patty
Huerta,Wilbur
Gomez,Ina
Pruitt,Letitia
Holder,Eugenia
Koch,Rosalind
Bowman,Jeffery
Wang,Toney
Martin,Jerrod
Lara,Arron
Huber,Alfonzo
Fry,Kathy
Campbell,Delmar
Lloyd,Vicente
Norman,Hector
Gordon,Ava
Norton,Russell
Lucas,Elmo
Woods,Flossie
Weber,Earline
Bauer,Lilly
Morgan,Sang
Mercer,Donovan
Cowan,Emilia
Costa,Armand
Randall,Delmer
Mendez,Raymond
Lee,Morgan
Friedman,Rob
Watson,Alfonso
Chandler,Hans
Blake,Roxie
Howard,Chris
Harrington,Samual
Todd,Victoria
Carpenter,Reynaldo
Ibarra,Stewart
Mckinney,Rebecca
Saunders,Shana
Boyer,Eddie
Sanders,Ivory
Cuevas,Quentin
Collins,Tessa
Waters,Jami
Krause,Patrica
Miranda,Claudia
Bush,Irving
Garrison,Abel
Hart,Blanche
Gray,Dixie
Bass,Dorothy
Porter,Claire
Owens,Bo
Zuniga,Trisha
Hodges,Stanford
Valdez,Tod
Lester,Bryon
Koch,Mel
Mayer,Gregorio
Case,Aileen
Valencia,Corine
Dominguez,Rod
Hines,Wilford
Espinoza,Juana
Baxter,Melinda
Elliott,Elisa
Wyatt,Angelica
Hall,Laurie
Orozco,Granville
Adams,Odis
Golden,Warner
Stevens,Enrique
Morales,Danny
Preston,Dolores
Reese,Carlene
Fuentes,Penny
Neal,Selena
Cisneros,Kristie
Orr,Irwin
Ramsey,Jame
Vang,Bart
Serrano,Danilo
Meza,Lee
Jensen,Nick
Thompson,Johnnie
Graves,Barton
Kim,Maria
Sanchez,Allyson
Cross,Ola
Perez,Donald
Branch,Haywood
Chang,Bret
Farrell,Desmond
Meyer,Simone
Wilkinson,Edwardo
Burke,Allie
Kemp,Zack
Dudley,Millard
Mcguire,Shirley
Burnett,James
Phillips,Sebastian
Jefferson,Kieth
Weber,Jodie
Buchanan,Jamison
Hardin,Val
Butler,Dion
Mcgrath,Weston
Duncan,Jessie
Terrell,Rena
Hooper,Dewey
Mejia,Lina
Norris,Gilda
Hale,Kermit
Nichols,Joann
Ball,Porfirio
Roach,Kip
Foster,Lynda
York,Alfonzo
Garcia,Renaldo
Larsen,Stephan
Choi,Barton
Lin,Aurelio
Moss,Dale
Fuentes,Milo
Rubio,Joey
Thomas,Chrystal
Reynolds,Benton
Burch,Rhett
Poole,Freddy
Andrade,Estelle
Rhodes,Mara
Brooks,Vaughn
Harrell,Franklin
Campbell,Dorsey
Mays,Eugenia
Mullins,Tanner
Rollins,Morris
Barajas,Dana
Hartman,Deandre
Mendez,Renato
Callahan,Dante
Higgins,Eve
Buck,Phil
Montes,Wilton
Mahoney,Gretchen
Stephens,Olivia
Soto,Mollie
Rodriguez,Melva
Brandt,Elliot
Farrell,Columbus
Orr,Tessa
Harmon,Rickey
Mcconnell,Leland
Floyd,Crystal
Ward,Lucy
Patton,Jeff
Wiley,Jimmie
Herrera,Suzette
Raymond,Sallie
Walsh,Leandro
Mann,Blaine
Moss,Wilbur
Roman,Betsy
Small,Galen
Mullen,Rory
Dennis,Reuben
Church,Kennith
Krueger,Nikki
Cooke,Broderick
Castaneda,Palmer
Stafford,Carmela
Frederick,Frank
Terry,Cecile
Rosales,Merle
Mckinney,Abdul
Terrell,Darrin
Browning,Rita
Warren,Forrest
Wells,Dana
Mitchell,Vivian
Buchanan,Gina
Ball,Avery
Daniel,Rolf
Wade,Gilbert
Kerr,Noemi
Ryan,Harry
Werner,Mindy
Boyd,Wilda
Prince,Grant
Mayo,Len
Wiggins,Vincenzo
Perkins,Wilfred
Pace,Francine
Mason,Conrad
Chen,Juliana
Watson,Reggie
Baxter,Erwin
Bauer,Bridget
Parks,Arlie
Blankenship,Jamie
Gross,Quentin
Raymond,Duncan
Copeland,Jasper
Wood,Molly
Blanchard,Junior
Aguilar,Keenan
Weaver,Elinor
Grimes,Oscar
Nixon,Bonita
Norris,Horacio
Wolf,Tommie
Garcia,Fermin
Kelley,Manuela
Strickland,Tricia
Everett,Olivia
Guzman,Paige
Winters,Lanny
Cohen,Tameka
Arellano,Winford
Jackson,Rachel
Bautista,Lola
Park,Grover
Hunter,Ahmad
Oneal,Elwood
Villa,Rhoda
Summers,Lon
Bell,Frances
Barton,Joel
Lutz,Ellis
Huber,Yvette
Holder,Orval
Larson,Deirdre
Yu,Kim
Bowen,Jessie
Cisneros,Audrey
Galvan,Chance
Morse,Aurelia
Graves,Lynn
Luna,Augustine
Lam,Allie
Weiss,Frieda
Sexton,Garrett
Davenport,Jessie
Williamson,Nolan
Thomas,Effie
Collier,Cedrick
Rose,Alfred
Lucero,Alta
Johns,Wayne
Riggs,Cathy
Rodgers,Clare
Vance,Willie
Miles,Debora
Huang,Bonnie
Meza,Edgardo
Rogers,Lorrie
Lane,Yesenia
Mccoy,Adele
Orozco,Samuel
Kirby,Sybil
Barry,Fay
Browning,Damon
Moran,Rodrigo
Robbins,Denver
Gillespie,Lori
Lucas,Cedric
Dillon,Richie
Pope,Katelyn
Stanton,Bob
Mathis,Mckinley
Gross,Brock
Lowery,Jacklyn
Arnold,Brain
Garza,Miriam
Baxter,Haywood
Vincent,Alyson
Perkins,Robin
Krause,Lenard
Ford,Kendrick
George,Mitchel
Kent,Miquel
Wise,Anthony
Snow,Clayton
Sloan,Elias
Martinez,Elva
Gregory,Mollie
Hines,Lucio
Morse,Thanh
Roach,Fidel
Randall,Paige
Cruz,Duane
Crawford,Jerry
Proctor,Noah
Robertson,Rowena
Cantrell,Riley
Hamilton,Shelby
Hayden,Debra
Norris,Alana
Noble,Rich
Wheeler,Rachel
Cherry,Cyrus
Webster,Gail
Burton,Iris
Mann,Lola
Ayala,Petra
Cox,Fletcher
House,Galen
Vincent,Lacy
Fletcher,Kay
Kaiser,Deandre
Whitaker,Dianna
Sanchez,Ada
Crosby,Lynda
Montoya,Deangelo
Collier,Teri
Prince,Michale
Hartman,Casandra
Moses,Elroy
Fry,Alice
Finley,Polly
Valentine,Franklin
Moreno,Willard
Escobar,Titus
Henry,Daryl
Zhang,Desmond
West,Rickey
Roach,Hayden
Wang,Ruby
Haney,Morgan
Juarez,Bernadette
Bartlett,Edwin
Sullivan,Nannie
Herman,Linwood
Mejia,Deloris
Terrell,Rebecca
Rowland,Pedro
Vance,Salvatore
Fox,Cherie
Thompson,Pierre
Flores,Elisa
Benjamin,Ursula
Todd,Colin
Avery,Marion
Wells,Concetta
Maldonado,Jaclyn
Reese,Wilburn
Cochran,Sherri
Blair,Alfonso
Braun,Tameka
Jordan,Alton
Mcintosh,Hattie
Nunez,Abram
Gallagher,Marina
King,Darren
Callahan,Seymour
Snow,Don
Kaufman,Lauri
Stewart,Vincent
Fowler,Taylor
Mullins,Elba
Hicks,May
Ferrell,Belinda
Peters,Marjorie
Liu,Earline
Horn,Carmela
Carey,Ronald
Willis,Patti
Stephens,Danial
Wolfe,Lester
Warren,Bonnie
Donovan,Dennis
Molina,Malik
Steele,Odell
Whitaker,Claud
Johns,Myrtle
Mills,Lori
Curry,Esmeralda
Andrews,Jospeh
Wheeler,Angeline
Holder,Luz
Tanner,Lakeisha
Murphy,Elroy
Khan,Randell
Huffman,Chang
Gilbert,Sallie
Owen,Sue
Walker,Margarito
Hood,Kraig
Werner,Jessica
Frederick,Sydney
Estrada,Marquis
Crosby,Francis
Dennis,Mark
Cox,Douglas
House,Gerry
Nolan,Johnny
Drake,Nell
Noble,Anita
Potter,Greg
Mccarty,Gay
Sexton,Hilario
Parks,Tracie
Crawford,Clare
Fowler,Joan
Vargas,Vito
York,Norman
Bender,Chadwick
Reilly,Gale
Hanna,Elba
Ray,Trent
Sellers,Angela
Hebert,Cyril
Tanner,Jeramy
Hayes,Stevie
Bell,Jacquelyn
Gomez,Annie
Fields,Devin
Craig,Alta
Lamb,Stacy
Morrison,Anita
Jimenez,Edward
Velasquez,Elvira
Freeman,Young
Crosby,Kelley
Cantu,Dallas
Walters,Berry
Collier,Shawna
Roy,Dan
Hanson,Rose
Walton,Millie
Knox,Adele
Lynn,Bernard
Conrad,Janie
Peterson,Stephanie
Payne,Josefa
Bowen,Lon
Duarte,Jenny
Small,Lou
Austin,Solomon
Lewis,Brigitte
Willis,Lorrie
Fleming,Susana
Torres,Felipe
Flores,Odessa
Kelley,Rena
Weaver,Harley
Conley,Shawn
Weeks,Tamika
Duke,Angelia
Huff,Beverly
Valentine,Blake
Rocha,Virginia
Butler,Myron
Ruiz,Aileen
Foster,Lesley
Harmon,Travis
Buckley,Lois
Hatfield,Andrea
Navarro,Letha
Sparks,Brooke
Valenzuela,Jefferey
Gordon,Stacy
Ali,Andreas
Jordan,Keri
Franco,Moses
Mcgee,Jordan
Cantrell,Maxwell
Murphy,Mollie
Bauer,Wesley
Wang,Nicky
Sullivan,Clarence
Greene,Irene
Warren,Felton
Petty,Neal
Pratt,Chasity
Bailey,Rashad
Church,Forest
Riddle,Britney
Best,Aaron
Hardy,Pearl
Whitney,Rickie
Potts,Jenny
Richards,Boyd
Molina,Art
Lambert,Nathanial
Bird,Willa
Delacruz,Marco
Blackwell,Thaddeus
Mcneil,Renaldo
Andersen,Chi
Ferrell,Shayne
Levine,Larry
Dalton,Joyce
Sanders,Phyllis
Hinton,Sonia
Pugh,Jessie
Vaughn,Veronica
Raymond,Antoinette
Scott,Kathie
Austin,Mary
Ellis,Jeffrey
Valentine,Florencio
Chambers,Earline
Ayala,Frankie
Hickman,Betsy
Chaney,Giuseppe
Norris,Cedrick
Snyder,Stephen
Bass,Eddy
Medina,Neville
Zamora,Elbert
Davila,Gay
Haynes,Peggy
Choi,Jan
Hancock,Lana
Morris,Edna
Combs,Dewayne
Williamson,Theron
Porter,Delores
Morse,Reyna
Saunders,Dianne
Robbins,Val
Kane,Brenton
Mcdowell,Antoinette
Haley,Jessie
Fischer,Lolita
Evans,Jessica
Baldwin,Rex
Davies,Angeline
Shaffer,Dewitt
Lewis,Deana
Hobbs,Ellis
Vasquez,Georgette
Terrell,Kelley
Reyes,Wendell
David,Broderick
Aguilar,Milton
Page,Harrison
Frye,Aimee
Michael,Ora
Marks,Belinda
Stokes,Althea
Ferguson,Benedict
Stout,Haywood
Riggs,Willard
Ray,Lydia
Avery,Brooks
Singleton,Demarcus
Travis,Truman
Velez,Wilmer
Aguilar,Eloise
Knight,Adrienne
Bautista,Lorraine
Cole,Tammie
Sawyer,Kristy
Taylor,Roxie
Griffith,Milo
Andrade,Moshe
Mcintosh,Yvonne
Whitaker,Renaldo
Gutierrez,Jerald
Gallegos,Miranda
Howe,Dawn
Gallagher,Lamar
Huff,Kip
Adkins,Loretta
Conway,Byron
Gonzalez,Timothy
Mason,Gregg
Ball,German
Owens,Juana
Castro,Buster
Molina,Terrance
Bridges,Gerald
Wang,Dean
Cabrera,Elden
Hernandez,Marsha
Lynn,Andy
Mercado,Eunice
Obrien,Phil
Cooley,Ward
Armstrong,Hope
Mcgee,Becky
Dyer,Orval
Mullen,Sandy
Park,Luella
Jefferson,Gaylord
Mclaughlin,Ralph
Ho,Clare
Brennan,Olive
Pittman,Hector
Rollins,Wm
Boyer,Geraldine
Bauer,Bradley
Pineda,Rachael
Cox,Johnathon
Vega,Lou
Miller,Emile
Baxter,Casandra
Doyle,Estela
Barrett,Pat
Solis,Jamie
Mcguire,Dwight
Duran,Margo
Cabrera,Ross
Mckay,Ervin
Keller,Earnest
Klein,Adeline
Wilcox,Terrie
Logan,Junior
Dominguez,Renato
Galloway,Fern
Hendrix,Lacey
Wilkerson,Lynn
Glover,Brady
Oconnell,Rosa
Chambers,Edith
Patton,Charity
Cortez,Steve
Hendricks,Kory
Wiley,Casey
Gillespie,Leo
Lang,Damon
Mccall,Cecelia
Wu,Quincy
Jones,Elizabeth
Mcneil,Lupe
Wong,Rupert
Crosby,Johnie
Lin,Wilfred
Ashley,Federico
Hooper,Winfred
Gonzalez,Carla
Andrews,Bob
Zamora,Delbert
Long,Laverne
Rivers,Norbert
Mclean,Carrie
Russo,Elena
Chase,Tia
Hinton,Noemi
Warner,Gus
Neal,Orval
Guzman,Dianne
Perez,Jenna
Reid,Cornelia
Frank,Bradley
Williamson,Gordon
May,Domenic
Hunt,Mattie
Williams,Marshall
Robbins,Mollie
Parks,Russel
Rubio,Jerome
Giles,Fredrick
Montgomery,Dave
Chaney,Jarrod
Dunlap,Val
Stevens,Sara
Hodge,Lorna
Medina,Adolph
Calderon,Maryellen
Mahoney,Bernardo
Hayes,Kenny
Conner,Sang
Frederick,Leonard
Howard,Scot
Molina,Shirley
Bradshaw,Ashley
Gilbert,Agustin
Griffith,Horace
Rowe,Shannon
Maxwell,Janie
Jimenez,Vicky
Hodges,Colby
Olson,Rubin
Hancock,Imelda
Castaneda,Hazel
Solis,Coleen
Norris,Clark
Weeks,Julius
Grimes,Hattie
Andrews,Ty
Roy,Rory
Poole,Louella
Burns,Beverly
Owens,Jewell
Campbell,Marisa
Steele,Sidney
Skinner,Latonya
Hickman,Kelley
Hamilton,Sonia
Bowen,Guillermo
Noble,Armand
Fletcher,Terry
Colon,Allen
Leblanc,Rena
Fowler,Kyle
Mata,Saul
Hickman,Rolland
Goodman,Donn
Saunders,Roslyn
Hooper,Napoleon
Jackson,Nettie
Lewis,Jaime
Sherman,Shawn
Davila,Hong
Shepard,Clemente
Cherry,Amy
Crawford,Moshe
Bender,Lidia
Pacheco,Adrienne
Henry,Delmar
Bradford,Young
Blake,Marylou
Serrano,Enrique
Frederick,Boyce
Arnold,Sadie
Howe,Briana
Glass,Bianca
Cain,Rene
Harding,Kayla
Herrera,Leigh
Monroe,Latonya
Andersen,Jarred
Peck,Arlie
Gray,Ty
Baker,Lindsey
Guerrero,Jeanette
Skinner,Katheryn
Barnett,Randi
Andrade,Effie
Maynard,Benita
Houston,Quincy
Dean,Gale
Ho,Rebekah
Casey,Valerie
Herman,Werner
Bryan,Avery
Washington,Kay
Ellis,Keri
Holder,Charity
Bass,Jeannie
McCartney,Paul
Lennon,John
Harrison,George
Starr,Ringo
Bartholomewson,Bartholomew
Dent,Stu